SEQN,RIDAGEYR,RIAGENDR,RIDRETH3,INDFMPIR,recall_score,impaired,wave_year,mid_year
62174.0,80.0,1.0,3.0,4.3,5.0,0,2012,2011.5
62178.0,80.0,1.0,3.0,0.05,3.0,1,2012,2011.5
62191.0,70.0,1.0,4.0,0.9,5.0,0,2012,2011.5
62209.0,62.0,2.0,1.0,1.11,3.0,1,2012,2011.5
62215.0,65.0,2.0,3.0,,7.0,0,2012,2011.5
62217.0,77.0,2.0,1.0,0.97,4.0,1,2012,2011.5
62226.0,80.0,1.0,2.0,3.64,3.0,1,2012,2011.5
62230.0,75.0,1.0,3.0,1.07,4.0,1,2012,2011.5
62236.0,61.0,1.0,6.0,5.0,7.0,0,2012,2011.5
62255.0,65.0,1.0,3.0,0.87,5.0,0,2012,2011.5
62256.0,80.0,1.0,3.0,1.63,3.0,1,2012,2011.5
62259.0,61.0,1.0,4.0,0.87,7.0,0,2012,2011.5
62264.0,77.0,1.0,3.0,2.72,7.0,0,2012,2011.5
62266.0,64.0,1.0,3.0,1.79,4.0,1,2012,2011.5
62278.0,72.0,2.0,3.0,2.51,5.0,0,2012,2011.5
62279.0,80.0,1.0,4.0,,1.0,1,2012,2011.5
62284.0,64.0,2.0,3.0,2.41,9.0,0,2012,2011.5
62287.0,73.0,2.0,4.0,2.11,4.0,1,2012,2011.5
62289.0,71.0,1.0,7.0,1.07,6.0,0,2012,2011.5
62295.0,69.0,2.0,2.0,0.79,8.0,0,2012,2011.5
62303.0,76.0,2.0,3.0,1.62,4.0,1,2012,2011.5
62307.0,61.0,1.0,4.0,1.2,3.0,1,2012,2011.5
62308.0,78.0,2.0,3.0,2.64,6.0,0,2012,2011.5
62312.0,63.0,2.0,1.0,1.85,5.0,0,2012,2011.5
62314.0,61.0,1.0,4.0,1.33,5.0,0,2012,2011.5
62315.0,80.0,2.0,4.0,,4.0,1,2012,2011.5
62320.0,64.0,2.0,3.0,2.89,6.0,0,2012,2011.5
62324.0,60.0,2.0,1.0,0.23,6.0,0,2012,2011.5
62326.0,69.0,1.0,3.0,4.3,4.0,1,2012,2011.5
62347.0,71.0,2.0,3.0,1.21,3.0,1,2012,2011.5
62353.0,80.0,1.0,3.0,5.0,2.0,1,2012,2011.5
62366.0,80.0,1.0,3.0,1.65,3.0,1,2012,2011.5
62377.0,78.0,2.0,3.0,1.24,5.0,0,2012,2011.5
62378.0,68.0,2.0,2.0,4.66,5.0,0,2012,2011.5
62388.0,69.0,2.0,3.0,1.12,5.397605346934028e-79,1,2012,2011.5
62397.0,70.0,2.0,1.0,,3.0,1,2012,2011.5
62409.0,80.0,2.0,3.0,1.16,4.0,1,2012,2011.5
62413.0,65.0,1.0,3.0,1.6,5.0,0,2012,2011.5
62418.0,80.0,1.0,3.0,1.98,2.0,1,2012,2011.5
62419.0,80.0,1.0,3.0,0.65,4.0,1,2012,2011.5
62422.0,72.0,2.0,3.0,5.0,3.0,1,2012,2011.5
62434.0,61.0,2.0,4.0,5.0,8.0,0,2012,2011.5
62439.0,75.0,1.0,3.0,5.0,7.0,0,2012,2011.5
62441.0,68.0,1.0,2.0,0.31,6.0,0,2012,2011.5
62454.0,64.0,2.0,2.0,1.32,5.0,0,2012,2011.5
62457.0,69.0,1.0,4.0,5.0,4.0,1,2012,2011.5
62467.0,65.0,1.0,3.0,2.15,7.0,0,2012,2011.5
62474.0,71.0,2.0,3.0,1.13,4.0,1,2012,2011.5
62491.0,61.0,2.0,6.0,5.0,10.0,0,2012,2011.5
62509.0,60.0,2.0,3.0,1.36,8.0,0,2012,2011.5
62510.0,80.0,2.0,3.0,2.64,5.0,0,2012,2011.5
62526.0,62.0,2.0,2.0,,7.0,0,2012,2011.5
62527.0,79.0,1.0,4.0,,5.0,0,2012,2011.5
62532.0,64.0,2.0,4.0,,7.0,0,2012,2011.5
62539.0,60.0,1.0,4.0,0.92,7.0,0,2012,2011.5
62546.0,64.0,1.0,1.0,2.69,1.0,1,2012,2011.5
62563.0,72.0,2.0,4.0,,9.0,0,2012,2011.5
62572.0,80.0,2.0,3.0,3.22,3.0,1,2012,2011.5
62576.0,66.0,1.0,1.0,2.22,5.0,0,2012,2011.5
62577.0,71.0,2.0,3.0,2.04,5.0,0,2012,2011.5
62579.0,78.0,1.0,1.0,1.08,4.0,1,2012,2011.5
62585.0,80.0,2.0,4.0,0.98,6.0,0,2012,2011.5
62586.0,70.0,1.0,3.0,2.02,4.0,1,2012,2011.5
62587.0,73.0,1.0,3.0,1.07,5.0,0,2012,2011.5
62589.0,75.0,2.0,3.0,1.89,5.397605346934028e-79,1,2012,2011.5
62593.0,72.0,2.0,3.0,2.92,6.0,0,2012,2011.5
62597.0,60.0,2.0,4.0,1.0,8.0,0,2012,2011.5
62601.0,65.0,1.0,4.0,5.0,5.0,0,2012,2011.5
62602.0,80.0,2.0,3.0,4.59,7.0,0,2012,2011.5
62604.0,73.0,2.0,3.0,1.42,6.0,0,2012,2011.5
62619.0,80.0,1.0,3.0,3.21,6.0,0,2012,2011.5
62623.0,78.0,2.0,3.0,1.57,4.0,1,2012,2011.5
62625.0,60.0,2.0,1.0,5.0,9.0,0,2012,2011.5
62630.0,68.0,2.0,3.0,1.25,4.0,1,2012,2011.5
62633.0,61.0,2.0,6.0,5.0,8.0,0,2012,2011.5
62634.0,68.0,1.0,3.0,3.06,4.0,1,2012,2011.5
62644.0,61.0,1.0,4.0,1.79,8.0,0,2012,2011.5
62648.0,80.0,2.0,6.0,4.76,2.0,1,2012,2011.5
62649.0,76.0,1.0,4.0,2.59,8.0,0,2012,2011.5
62650.0,71.0,1.0,4.0,1.85,2.0,1,2012,2011.5
62658.0,68.0,1.0,3.0,2.3,7.0,0,2012,2011.5
62664.0,64.0,1.0,3.0,3.3,6.0,0,2012,2011.5
62665.0,67.0,2.0,4.0,1.8,6.0,0,2012,2011.5
62678.0,68.0,1.0,2.0,1.79,3.0,1,2012,2011.5
62680.0,68.0,1.0,6.0,4.96,3.0,1,2012,2011.5
62682.0,62.0,2.0,3.0,0.86,8.0,0,2012,2011.5
62686.0,80.0,2.0,3.0,2.31,4.0,1,2012,2011.5
62704.0,80.0,1.0,7.0,1.59,3.0,1,2012,2011.5
62718.0,63.0,1.0,4.0,2.51,8.0,0,2012,2011.5
62719.0,74.0,1.0,2.0,4.66,6.0,0,2012,2011.5
62727.0,80.0,2.0,3.0,1.65,6.0,0,2012,2011.5
62732.0,71.0,2.0,1.0,0.56,3.0,1,2012,2011.5
62739.0,74.0,1.0,3.0,2.49,6.0,0,2012,2011.5
62742.0,70.0,1.0,2.0,1.7,4.0,1,2012,2011.5
62745.0,71.0,2.0,4.0,1.63,7.0,0,2012,2011.5
62761.0,68.0,1.0,1.0,1.97,8.0,0,2012,2011.5
62793.0,72.0,1.0,3.0,5.0,7.0,0,2012,2011.5
62804.0,69.0,1.0,3.0,5.0,9.0,0,2012,2011.5
62807.0,67.0,1.0,3.0,4.15,8.0,0,2012,2011.5
62813.0,71.0,1.0,3.0,1.16,9.0,0,2012,2011.5
62814.0,72.0,1.0,4.0,1.7,4.0,1,2012,2011.5
62835.0,66.0,2.0,6.0,3.48,7.0,0,2012,2011.5
62861.0,80.0,2.0,3.0,1.88,3.0,1,2012,2011.5
62876.0,74.0,2.0,3.0,3.67,8.0,0,2012,2011.5
62880.0,64.0,2.0,3.0,1.52,7.0,0,2012,2011.5
62883.0,80.0,2.0,3.0,2.31,7.0,0,2012,2011.5
62887.0,62.0,2.0,4.0,0.2,7.0,0,2012,2011.5
62891.0,74.0,2.0,4.0,,5.0,0,2012,2011.5
62900.0,68.0,2.0,4.0,2.69,5.0,0,2012,2011.5
62901.0,64.0,2.0,6.0,5.0,7.0,0,2012,2011.5
62924.0,79.0,2.0,4.0,0.91,6.0,0,2012,2011.5
62927.0,63.0,1.0,3.0,5.0,8.0,0,2012,2011.5
62929.0,68.0,1.0,4.0,,7.0,0,2012,2011.5
62934.0,60.0,2.0,3.0,2.2,6.0,0,2012,2011.5
62937.0,63.0,2.0,4.0,1.63,4.0,1,2012,2011.5
62940.0,62.0,1.0,4.0,4.34,9.0,0,2012,2011.5
62948.0,79.0,1.0,3.0,5.0,4.0,1,2012,2011.5
62958.0,72.0,2.0,3.0,4.95,9.0,0,2012,2011.5
62979.0,68.0,2.0,3.0,1.13,8.0,0,2012,2011.5
62982.0,66.0,2.0,3.0,1.16,4.0,1,2012,2011.5
62985.0,68.0,1.0,6.0,2.72,8.0,0,2012,2011.5
62990.0,79.0,1.0,3.0,3.97,3.0,1,2012,2011.5
62997.0,60.0,1.0,3.0,0.95,5.0,0,2012,2011.5
63000.0,60.0,2.0,4.0,0.45,7.0,0,2012,2011.5
63007.0,80.0,1.0,3.0,2.38,2.0,1,2012,2011.5
63010.0,78.0,2.0,4.0,2.37,5.397605346934028e-79,1,2012,2011.5
63012.0,65.0,1.0,3.0,4.76,7.0,0,2012,2011.5
63013.0,65.0,1.0,6.0,5.0,5.0,0,2012,2011.5
63015.0,65.0,1.0,7.0,2.64,7.0,0,2012,2011.5
63019.0,65.0,2.0,2.0,0.87,3.0,1,2012,2011.5
63024.0,78.0,2.0,4.0,,7.0,0,2012,2011.5
63025.0,79.0,2.0,4.0,0.95,5.397605346934028e-79,1,2012,2011.5
63031.0,77.0,2.0,4.0,1.78,5.0,0,2012,2011.5
63036.0,74.0,2.0,6.0,0.55,6.0,0,2012,2011.5
63064.0,61.0,1.0,4.0,1.07,4.0,1,2012,2011.5
63070.0,70.0,2.0,2.0,0.64,5.0,0,2012,2011.5
63081.0,62.0,1.0,7.0,2.51,5.0,0,2012,2011.5
63083.0,71.0,2.0,3.0,3.58,7.0,0,2012,2011.5
63086.0,74.0,2.0,3.0,5.0,5.397605346934028e-79,1,2012,2011.5
63091.0,70.0,1.0,3.0,4.48,8.0,0,2012,2011.5
63097.0,70.0,1.0,3.0,2.45,8.0,0,2012,2011.5
63107.0,66.0,2.0,2.0,1.1,5.397605346934028e-79,1,2012,2011.5
63112.0,66.0,2.0,6.0,1.7,6.0,0,2012,2011.5
63132.0,80.0,2.0,6.0,4.81,8.0,0,2012,2011.5
63134.0,66.0,2.0,2.0,0.69,8.0,0,2012,2011.5
63143.0,70.0,1.0,6.0,1.22,6.0,0,2012,2011.5
63152.0,62.0,2.0,6.0,5.397605346934028e-79,9.0,0,2012,2011.5
63156.0,70.0,2.0,3.0,3.4,7.0,0,2012,2011.5
63160.0,61.0,2.0,3.0,1.81,6.0,0,2012,2011.5
63172.0,68.0,2.0,1.0,1.18,4.0,1,2012,2011.5
63177.0,60.0,1.0,4.0,3.93,2.0,1,2012,2011.5
63181.0,67.0,2.0,2.0,2.01,6.0,0,2012,2011.5
63187.0,80.0,1.0,3.0,1.7,4.0,1,2012,2011.5
63188.0,60.0,2.0,4.0,1.17,7.0,0,2012,2011.5
63192.0,80.0,2.0,3.0,1.82,1.0,1,2012,2011.5
63198.0,80.0,1.0,4.0,1.56,5.397605346934028e-79,1,2012,2011.5
63203.0,80.0,2.0,3.0,0.9,4.0,1,2012,2011.5
63205.0,67.0,1.0,3.0,1.83,5.0,0,2012,2011.5
63212.0,62.0,1.0,4.0,1.34,4.0,1,2012,2011.5
63215.0,62.0,2.0,4.0,5.0,7.0,0,2012,2011.5
63235.0,63.0,2.0,1.0,0.95,3.0,1,2012,2011.5
63236.0,80.0,1.0,2.0,1.1,6.0,0,2012,2011.5
63248.0,75.0,1.0,3.0,5.0,7.0,0,2012,2011.5
63249.0,67.0,1.0,3.0,4.59,6.0,0,2012,2011.5
63254.0,72.0,2.0,2.0,1.7,5.0,0,2012,2011.5
63262.0,76.0,2.0,1.0,0.97,2.0,1,2012,2011.5
63267.0,72.0,2.0,3.0,1.12,2.0,1,2012,2011.5
63269.0,80.0,2.0,3.0,,8.0,0,2012,2011.5
63273.0,66.0,1.0,4.0,5.0,5.0,0,2012,2011.5
63276.0,67.0,1.0,3.0,0.92,3.0,1,2012,2011.5
63284.0,79.0,1.0,3.0,2.64,1.0,1,2012,2011.5
63285.0,80.0,2.0,3.0,1.16,7.0,0,2012,2011.5
63287.0,78.0,2.0,4.0,,5.397605346934028e-79,1,2012,2011.5
63293.0,61.0,2.0,1.0,1.93,6.0,0,2012,2011.5
63294.0,62.0,2.0,7.0,5.0,7.0,0,2012,2011.5
63295.0,80.0,1.0,3.0,1.15,4.0,1,2012,2011.5
63301.0,63.0,2.0,4.0,1.39,8.0,0,2012,2011.5
63311.0,62.0,1.0,4.0,,6.0,0,2012,2011.5
63312.0,74.0,1.0,3.0,2.92,1.0,1,2012,2011.5
63328.0,61.0,2.0,4.0,2.75,9.0,0,2012,2011.5
63329.0,71.0,2.0,3.0,5.0,6.0,0,2012,2011.5
63333.0,66.0,1.0,4.0,0.99,5.0,0,2012,2011.5
63337.0,75.0,1.0,4.0,,5.0,0,2012,2011.5
63345.0,68.0,2.0,4.0,1.84,5.397605346934028e-79,1,2012,2011.5
63352.0,64.0,1.0,3.0,5.0,3.0,1,2012,2011.5
63360.0,80.0,2.0,3.0,2.17,2.0,1,2012,2011.5
63361.0,67.0,1.0,4.0,2.75,6.0,0,2012,2011.5
63363.0,65.0,2.0,7.0,0.75,9.0,0,2012,2011.5
63364.0,73.0,2.0,4.0,,5.397605346934028e-79,1,2012,2011.5
63385.0,62.0,2.0,4.0,2.15,7.0,0,2012,2011.5
63389.0,80.0,1.0,3.0,1.65,4.0,1,2012,2011.5
63391.0,70.0,1.0,2.0,1.15,3.0,1,2012,2011.5
63396.0,80.0,1.0,3.0,,2.0,1,2012,2011.5
63405.0,74.0,2.0,4.0,3.47,8.0,0,2012,2011.5
63409.0,69.0,2.0,4.0,0.53,5.0,0,2012,2011.5
63413.0,61.0,2.0,3.0,5.0,7.0,0,2012,2011.5
63420.0,62.0,1.0,3.0,1.29,8.0,0,2012,2011.5
63422.0,64.0,2.0,1.0,0.05,6.0,0,2012,2011.5
63438.0,64.0,1.0,4.0,5.0,7.0,0,2012,2011.5
63440.0,70.0,1.0,3.0,1.82,1.0,1,2012,2011.5
63448.0,80.0,1.0,3.0,1.43,2.0,1,2012,2011.5
63456.0,80.0,1.0,1.0,5.0,4.0,1,2012,2011.5
63459.0,80.0,2.0,2.0,0.43,1.0,1,2012,2011.5
63463.0,61.0,2.0,3.0,5.0,8.0,0,2012,2011.5
63474.0,74.0,1.0,3.0,1.89,6.0,0,2012,2011.5
63478.0,62.0,1.0,3.0,1.01,6.0,0,2012,2011.5
63484.0,69.0,1.0,3.0,2.15,10.0,0,2012,2011.5
63493.0,65.0,2.0,6.0,0.33,9.0,0,2012,2011.5
63498.0,70.0,2.0,4.0,3.01,6.0,0,2012,2011.5
63502.0,73.0,1.0,3.0,1.59,4.0,1,2012,2011.5
63506.0,60.0,2.0,2.0,1.19,7.0,0,2012,2011.5
63507.0,61.0,2.0,4.0,1.31,7.0,0,2012,2011.5
63512.0,64.0,1.0,2.0,0.81,3.0,1,2012,2011.5
63514.0,80.0,2.0,4.0,1.2,7.0,0,2012,2011.5
63524.0,70.0,2.0,3.0,1.16,7.0,0,2012,2011.5
63530.0,80.0,2.0,3.0,0.39,8.0,0,2012,2011.5
63538.0,62.0,2.0,4.0,,5.0,0,2012,2011.5
63541.0,70.0,1.0,2.0,,6.0,0,2012,2011.5
63544.0,63.0,1.0,2.0,2.0,5.0,0,2012,2011.5
63546.0,80.0,2.0,3.0,1.1,5.0,0,2012,2011.5
63553.0,76.0,1.0,4.0,,5.0,0,2012,2011.5
63554.0,61.0,1.0,4.0,5.0,9.0,0,2012,2011.5
63556.0,64.0,1.0,6.0,2.64,8.0,0,2012,2011.5
63579.0,63.0,1.0,3.0,2.41,2.0,1,2012,2011.5
63583.0,80.0,1.0,3.0,5.0,3.0,1,2012,2011.5
63588.0,80.0,2.0,3.0,1.98,4.0,1,2012,2011.5
63589.0,80.0,1.0,6.0,,6.0,0,2012,2011.5
63593.0,77.0,1.0,3.0,,6.0,0,2012,2011.5
63596.0,74.0,1.0,1.0,3.58,4.0,1,2012,2011.5
63608.0,71.0,2.0,2.0,0.98,3.0,1,2012,2011.5
63609.0,66.0,1.0,7.0,1.2,6.0,0,2012,2011.5
63611.0,80.0,1.0,3.0,1.57,2.0,1,2012,2011.5
63620.0,61.0,1.0,4.0,3.97,6.0,0,2012,2011.5
63621.0,61.0,2.0,3.0,4.96,7.0,0,2012,2011.5
63623.0,80.0,1.0,3.0,2.02,5.397605346934028e-79,1,2012,2011.5
63627.0,80.0,2.0,3.0,3.4,7.0,0,2012,2011.5
63632.0,80.0,2.0,3.0,2.72,2.0,1,2012,2011.5
63651.0,76.0,2.0,6.0,0.82,3.0,1,2012,2011.5
63659.0,80.0,1.0,3.0,5.0,5.397605346934028e-79,1,2012,2011.5
63662.0,80.0,1.0,3.0,4.3,6.0,0,2012,2011.5
63666.0,79.0,2.0,3.0,1.12,6.0,0,2012,2011.5
63685.0,60.0,2.0,2.0,0.89,5.0,0,2012,2011.5
63686.0,60.0,2.0,2.0,2.17,5.0,0,2012,2011.5
63689.0,66.0,2.0,3.0,5.0,6.0,0,2012,2011.5
63704.0,75.0,2.0,4.0,,9.0,0,2012,2011.5
63707.0,63.0,2.0,2.0,4.92,6.0,0,2012,2011.5
63708.0,63.0,1.0,6.0,1.72,2.0,1,2012,2011.5
63723.0,62.0,2.0,1.0,1.56,8.0,0,2012,2011.5
63732.0,60.0,1.0,2.0,0.89,2.0,1,2012,2011.5
63739.0,71.0,2.0,4.0,0.31,4.0,1,2012,2011.5
63741.0,72.0,1.0,1.0,1.39,7.0,0,2012,2011.5
63752.0,60.0,1.0,3.0,1.25,5.0,0,2012,2011.5
63767.0,66.0,1.0,1.0,1.38,6.0,0,2012,2011.5
63768.0,64.0,1.0,2.0,,2.0,1,2012,2011.5
63772.0,65.0,1.0,3.0,5.0,7.0,0,2012,2011.5
63781.0,63.0,2.0,2.0,4.48,6.0,0,2012,2011.5
63799.0,69.0,1.0,6.0,1.12,7.0,0,2012,2011.5
63801.0,64.0,2.0,4.0,2.3,5.0,0,2012,2011.5
63804.0,61.0,1.0,4.0,4.58,6.0,0,2012,2011.5
63806.0,70.0,1.0,3.0,,5.0,0,2012,2011.5
63828.0,64.0,2.0,3.0,4.76,8.0,0,2012,2011.5
63837.0,70.0,2.0,3.0,5.0,9.0,0,2012,2011.5
63838.0,78.0,2.0,3.0,1.34,10.0,0,2012,2011.5
63839.0,75.0,1.0,4.0,2.71,3.0,1,2012,2011.5
63844.0,80.0,1.0,3.0,1.7,5.397605346934028e-79,1,2012,2011.5
63861.0,63.0,1.0,3.0,5.0,9.0,0,2012,2011.5
63862.0,80.0,1.0,3.0,,3.0,1,2012,2011.5
63868.0,69.0,1.0,3.0,5.0,4.0,1,2012,2011.5
63873.0,80.0,1.0,4.0,1.29,5.397605346934028e-79,1,2012,2011.5
63875.0,64.0,2.0,4.0,1.25,8.0,0,2012,2011.5
63879.0,76.0,1.0,3.0,3.31,5.0,0,2012,2011.5
63880.0,77.0,2.0,3.0,2.72,5.0,0,2012,2011.5
63887.0,64.0,2.0,3.0,3.13,6.0,0,2012,2011.5
63890.0,60.0,2.0,2.0,0.68,6.0,0,2012,2011.5
63902.0,68.0,1.0,3.0,4.76,5.397605346934028e-79,1,2012,2011.5
63907.0,60.0,1.0,4.0,5.0,7.0,0,2012,2011.5
63909.0,62.0,2.0,3.0,0.95,5.0,0,2012,2011.5
63911.0,67.0,2.0,4.0,4.92,8.0,0,2012,2011.5
63917.0,71.0,1.0,2.0,1.32,3.0,1,2012,2011.5
63955.0,65.0,2.0,3.0,,7.0,0,2012,2011.5
63958.0,60.0,2.0,2.0,0.64,7.0,0,2012,2011.5
63963.0,72.0,1.0,3.0,5.0,6.0,0,2012,2011.5
63964.0,62.0,1.0,3.0,5.0,5.0,0,2012,2011.5
63965.0,72.0,1.0,3.0,1.26,5.397605346934028e-79,1,2012,2011.5
63968.0,61.0,2.0,2.0,,7.0,0,2012,2011.5
63982.0,69.0,2.0,3.0,2.31,7.0,0,2012,2011.5
63997.0,79.0,2.0,3.0,,2.0,1,2012,2011.5
64002.0,80.0,1.0,3.0,5.0,7.0,0,2012,2011.5
64011.0,80.0,2.0,3.0,1.39,1.0,1,2012,2011.5
64021.0,62.0,2.0,1.0,4.42,8.0,0,2012,2011.5
64024.0,62.0,2.0,3.0,1.71,9.0,0,2012,2011.5
64034.0,62.0,2.0,1.0,0.68,2.0,1,2012,2011.5
64036.0,69.0,1.0,3.0,1.93,4.0,1,2012,2011.5
64052.0,60.0,1.0,1.0,4.13,3.0,1,2012,2011.5
64059.0,68.0,2.0,4.0,0.22,8.0,0,2012,2011.5
64063.0,62.0,2.0,3.0,0.78,3.0,1,2012,2011.5
64071.0,67.0,1.0,4.0,0.89,2.0,1,2012,2011.5
64082.0,64.0,1.0,3.0,4.63,5.0,0,2012,2011.5
64083.0,76.0,2.0,3.0,2.16,8.0,0,2012,2011.5
64084.0,80.0,1.0,3.0,,2.0,1,2012,2011.5
64099.0,71.0,2.0,3.0,3.9,7.0,0,2012,2011.5
64102.0,63.0,2.0,4.0,,4.0,1,2012,2011.5
64107.0,80.0,2.0,3.0,2.38,5.397605346934028e-79,1,2012,2011.5
64113.0,80.0,2.0,3.0,0.96,3.0,1,2012,2011.5
64120.0,77.0,1.0,2.0,,6.0,0,2012,2011.5
64122.0,67.0,2.0,1.0,,4.0,1,2012,2011.5
64127.0,69.0,2.0,6.0,1.68,9.0,0,2012,2011.5
64130.0,69.0,1.0,6.0,,4.0,1,2012,2011.5
64131.0,79.0,2.0,3.0,1.36,4.0,1,2012,2011.5
64137.0,72.0,2.0,6.0,,1.0,1,2012,2011.5
64141.0,80.0,1.0,3.0,1.46,2.0,1,2012,2011.5
64142.0,73.0,1.0,3.0,,9.0,0,2012,2011.5
64157.0,68.0,2.0,3.0,2.03,8.0,0,2012,2011.5
64172.0,80.0,1.0,3.0,0.86,5.0,0,2012,2011.5
64175.0,80.0,2.0,3.0,0.83,6.0,0,2012,2011.5
64176.0,72.0,1.0,4.0,3.97,8.0,0,2012,2011.5
64182.0,67.0,2.0,3.0,2.04,7.0,0,2012,2011.5
64184.0,67.0,1.0,3.0,0.66,9.0,0,2012,2011.5
64186.0,63.0,1.0,2.0,3.97,6.0,0,2012,2011.5
64194.0,63.0,2.0,4.0,5.0,9.0,0,2012,2011.5
64198.0,76.0,2.0,4.0,0.92,6.0,0,2012,2011.5
64206.0,69.0,2.0,4.0,1.19,7.0,0,2012,2011.5
64215.0,80.0,2.0,4.0,0.77,3.0,1,2012,2011.5
64219.0,80.0,2.0,4.0,4.25,5.397605346934028e-79,1,2012,2011.5
64226.0,73.0,1.0,3.0,1.25,6.0,0,2012,2011.5
64231.0,68.0,1.0,2.0,2.1,8.0,0,2012,2011.5
64252.0,61.0,1.0,2.0,0.89,6.0,0,2012,2011.5
64256.0,67.0,2.0,4.0,2.31,5.0,0,2012,2011.5
64261.0,67.0,1.0,6.0,5.0,7.0,0,2012,2011.5
64263.0,62.0,2.0,1.0,1.7,8.0,0,2012,2011.5
64284.0,80.0,2.0,3.0,0.18,6.0,0,2012,2011.5
64290.0,65.0,2.0,4.0,2.07,3.0,1,2012,2011.5
64298.0,68.0,2.0,4.0,4.76,8.0,0,2012,2011.5
64299.0,65.0,1.0,3.0,5.0,6.0,0,2012,2011.5
64313.0,65.0,1.0,1.0,4.59,5.397605346934028e-79,1,2012,2011.5
64329.0,80.0,1.0,3.0,4.27,6.0,0,2012,2011.5
64343.0,63.0,1.0,3.0,4.2,7.0,0,2012,2011.5
64354.0,80.0,2.0,2.0,0.64,1.0,1,2012,2011.5
64362.0,68.0,1.0,4.0,2.06,8.0,0,2012,2011.5
64364.0,80.0,2.0,3.0,,6.0,0,2012,2011.5
64368.0,70.0,1.0,4.0,0.77,6.0,0,2012,2011.5
64381.0,61.0,2.0,3.0,5.0,10.0,0,2012,2011.5
64387.0,71.0,1.0,6.0,2.93,7.0,0,2012,2011.5
64388.0,69.0,1.0,4.0,2.2,5.0,0,2012,2011.5
64400.0,61.0,2.0,1.0,1.98,3.0,1,2012,2011.5
64405.0,78.0,1.0,6.0,0.4,4.0,1,2012,2011.5
64419.0,63.0,2.0,1.0,1.26,8.0,0,2012,2011.5
64430.0,65.0,1.0,7.0,,3.0,1,2012,2011.5
64450.0,80.0,1.0,3.0,3.58,4.0,1,2012,2011.5
64463.0,80.0,2.0,3.0,,5.0,0,2012,2011.5
64473.0,79.0,1.0,4.0,2.04,4.0,1,2012,2011.5
64475.0,62.0,1.0,2.0,3.21,6.0,0,2012,2011.5
64489.0,65.0,2.0,6.0,2.93,7.0,0,2012,2011.5
64497.0,60.0,1.0,3.0,1.39,5.0,0,2012,2011.5
64499.0,63.0,1.0,1.0,3.24,7.0,0,2012,2011.5
64501.0,66.0,1.0,2.0,4.84,5.397605346934028e-79,1,2012,2011.5
64503.0,70.0,2.0,4.0,3.02,1.0,1,2012,2011.5
64507.0,70.0,1.0,3.0,3.24,6.0,0,2012,2011.5
64511.0,64.0,2.0,3.0,4.15,6.0,0,2012,2011.5
64536.0,75.0,2.0,3.0,5.0,4.0,1,2012,2011.5
64540.0,69.0,1.0,2.0,,5.397605346934028e-79,1,2012,2011.5
64544.0,69.0,1.0,6.0,4.59,5.0,0,2012,2011.5
64550.0,62.0,2.0,6.0,2.64,9.0,0,2012,2011.5
64552.0,76.0,1.0,2.0,2.52,5.0,0,2012,2011.5
64553.0,65.0,2.0,4.0,2.31,7.0,0,2012,2011.5
64558.0,62.0,1.0,4.0,3.93,6.0,0,2012,2011.5
64559.0,70.0,2.0,3.0,2.45,9.0,0,2012,2011.5
64570.0,65.0,2.0,3.0,0.72,7.0,0,2012,2011.5
64598.0,60.0,2.0,3.0,5.0,7.0,0,2012,2011.5
64609.0,64.0,1.0,4.0,,5.0,0,2012,2011.5
64617.0,60.0,1.0,2.0,,7.0,0,2012,2011.5
64625.0,69.0,1.0,4.0,1.39,4.0,1,2012,2011.5
64634.0,74.0,2.0,4.0,0.36,5.0,0,2012,2011.5
64637.0,77.0,1.0,2.0,,5.0,0,2012,2011.5
64640.0,80.0,1.0,1.0,1.15,5.397605346934028e-79,1,2012,2011.5
64646.0,80.0,1.0,3.0,2.68,4.0,1,2012,2011.5
64669.0,60.0,2.0,3.0,2.95,6.0,0,2012,2011.5
64704.0,62.0,1.0,1.0,1.33,4.0,1,2012,2011.5
64705.0,72.0,2.0,4.0,1.69,6.0,0,2012,2011.5
64709.0,60.0,1.0,4.0,0.75,3.0,1,2012,2011.5
64734.0,68.0,2.0,4.0,1.32,9.0,0,2012,2011.5
64752.0,62.0,2.0,1.0,2.97,10.0,0,2012,2011.5
64753.0,68.0,2.0,2.0,,2.0,1,2012,2011.5
64756.0,72.0,1.0,2.0,3.04,6.0,0,2012,2011.5
64771.0,64.0,1.0,1.0,0.24,4.0,1,2012,2011.5
64785.0,76.0,1.0,1.0,1.26,4.0,1,2012,2011.5
64789.0,67.0,1.0,4.0,5.0,9.0,0,2012,2011.5
64795.0,80.0,1.0,3.0,0.78,4.0,1,2012,2011.5
64806.0,80.0,1.0,3.0,3.4,5.0,0,2012,2011.5
64821.0,62.0,1.0,4.0,4.59,4.0,1,2012,2011.5
64824.0,62.0,1.0,3.0,0.76,2.0,1,2012,2011.5
64826.0,61.0,1.0,4.0,1.01,6.0,0,2012,2011.5
64854.0,69.0,2.0,2.0,1.73,5.397605346934028e-79,1,2012,2011.5
64858.0,65.0,2.0,3.0,0.66,3.0,1,2012,2011.5
64870.0,80.0,2.0,6.0,1.78,7.0,0,2012,2011.5
64880.0,60.0,1.0,3.0,5.0,7.0,0,2012,2011.5
64882.0,65.0,1.0,3.0,5.0,4.0,1,2012,2011.5
64895.0,67.0,1.0,4.0,3.58,5.0,0,2012,2011.5
64908.0,60.0,2.0,1.0,2.94,9.0,0,2012,2011.5
64909.0,74.0,1.0,4.0,1.33,3.0,1,2012,2011.5
64923.0,64.0,2.0,4.0,3.3,3.0,1,2012,2011.5
64937.0,80.0,2.0,3.0,1.7,4.0,1,2012,2011.5
64946.0,60.0,1.0,4.0,1.05,1.0,1,2012,2011.5
64948.0,61.0,2.0,4.0,1.92,6.0,0,2012,2011.5
64971.0,60.0,1.0,4.0,3.4,1.0,1,2012,2011.5
64972.0,61.0,1.0,6.0,5.397605346934028e-79,7.0,0,2012,2011.5
64973.0,64.0,1.0,3.0,1.13,4.0,1,2012,2011.5
64976.0,69.0,1.0,4.0,2.33,5.0,0,2012,2011.5
64977.0,63.0,2.0,4.0,0.72,3.0,1,2012,2011.5
64980.0,80.0,2.0,3.0,,5.397605346934028e-79,1,2012,2011.5
64983.0,76.0,2.0,4.0,1.77,9.0,0,2012,2011.5
64985.0,65.0,1.0,4.0,2.75,5.0,0,2012,2011.5
64992.0,76.0,1.0,3.0,1.12,4.0,1,2012,2011.5
65002.0,68.0,1.0,3.0,,5.0,0,2012,2011.5
65005.0,71.0,2.0,3.0,,5.0,0,2012,2011.5
65012.0,68.0,2.0,6.0,0.45,6.0,0,2012,2011.5
65020.0,62.0,1.0,2.0,0.73,1.0,1,2012,2011.5
65032.0,76.0,2.0,3.0,1.95,7.0,0,2012,2011.5
65045.0,80.0,1.0,3.0,0.87,5.0,0,2012,2011.5
65046.0,74.0,1.0,3.0,5.0,8.0,0,2012,2011.5
65048.0,61.0,1.0,1.0,1.52,7.0,0,2012,2011.5
65051.0,80.0,2.0,2.0,0.92,3.0,1,2012,2011.5
65056.0,76.0,1.0,4.0,3.02,1.0,1,2012,2011.5
65058.0,80.0,2.0,3.0,,6.0,0,2012,2011.5
65069.0,62.0,1.0,1.0,0.41,5.0,0,2012,2011.5
65071.0,79.0,2.0,3.0,3.25,7.0,0,2012,2011.5
65077.0,60.0,1.0,2.0,,8.0,0,2012,2011.5
65078.0,80.0,2.0,3.0,0.77,4.0,1,2012,2011.5
65080.0,74.0,1.0,4.0,2.24,5.0,0,2012,2011.5
65087.0,74.0,2.0,2.0,1.57,5.397605346934028e-79,1,2012,2011.5
65097.0,80.0,1.0,3.0,5.0,9.0,0,2012,2011.5
65098.0,68.0,2.0,4.0,1.39,5.0,0,2012,2011.5
65101.0,75.0,1.0,3.0,0.92,6.0,0,2012,2011.5
65112.0,60.0,2.0,6.0,4.13,7.0,0,2012,2011.5
65126.0,63.0,2.0,4.0,5.0,6.0,0,2012,2011.5
65139.0,61.0,1.0,1.0,0.11,5.0,0,2012,2011.5
65153.0,80.0,1.0,3.0,5.0,4.0,1,2012,2011.5
65157.0,80.0,2.0,3.0,2.48,6.0,0,2012,2011.5
65161.0,80.0,2.0,4.0,0.9,1.0,1,2012,2011.5
65163.0,70.0,1.0,3.0,,6.0,0,2012,2011.5
65165.0,63.0,2.0,4.0,2.31,8.0,0,2012,2011.5
65183.0,62.0,1.0,6.0,1.34,7.0,0,2012,2011.5
65189.0,63.0,1.0,2.0,,6.0,0,2012,2011.5
65190.0,62.0,2.0,3.0,1.78,5.0,0,2012,2011.5
65201.0,77.0,2.0,3.0,5.0,3.0,1,2012,2011.5
65209.0,71.0,2.0,2.0,2.44,10.0,0,2012,2011.5
65213.0,64.0,2.0,4.0,5.0,6.0,0,2012,2011.5
65236.0,73.0,2.0,4.0,3.58,8.0,0,2012,2011.5
65240.0,73.0,1.0,6.0,4.08,3.0,1,2012,2011.5
65248.0,67.0,2.0,3.0,5.0,6.0,0,2012,2011.5
65289.0,73.0,2.0,4.0,1.57,6.0,0,2012,2011.5
65293.0,64.0,2.0,4.0,1.83,5.0,0,2012,2011.5
65297.0,72.0,1.0,6.0,1.14,6.0,0,2012,2011.5
65301.0,62.0,2.0,4.0,4.13,5.0,0,2012,2011.5
65318.0,80.0,2.0,3.0,1.97,3.0,1,2012,2011.5
65319.0,73.0,1.0,3.0,1.16,4.0,1,2012,2011.5
65325.0,73.0,2.0,3.0,2.72,8.0,0,2012,2011.5
65328.0,63.0,1.0,2.0,0.43,6.0,0,2012,2011.5
65334.0,60.0,2.0,2.0,0.75,3.0,1,2012,2011.5
65337.0,63.0,1.0,3.0,1.25,7.0,0,2012,2011.5
65339.0,60.0,1.0,2.0,5.0,6.0,0,2012,2011.5
65344.0,60.0,1.0,1.0,0.63,9.0,0,2012,2011.5
65366.0,60.0,1.0,2.0,2.97,6.0,0,2012,2011.5
65374.0,80.0,2.0,3.0,1.02,1.0,1,2012,2011.5
65384.0,72.0,2.0,6.0,1.68,5.0,0,2012,2011.5
65393.0,78.0,1.0,3.0,1.22,2.0,1,2012,2011.5
65394.0,71.0,2.0,3.0,1.7,6.0,0,2012,2011.5
65395.0,77.0,1.0,7.0,0.83,7.0,0,2012,2011.5
65410.0,71.0,2.0,6.0,3.7,3.0,1,2012,2011.5
65417.0,75.0,2.0,1.0,2.82,2.0,1,2012,2011.5
65431.0,73.0,1.0,4.0,1.47,5.0,0,2012,2011.5
65433.0,60.0,2.0,3.0,4.03,8.0,0,2012,2011.5
65440.0,61.0,1.0,4.0,2.67,8.0,0,2012,2011.5
65446.0,65.0,1.0,4.0,1.73,8.0,0,2012,2011.5
65448.0,64.0,2.0,4.0,,5.0,0,2012,2011.5
65458.0,63.0,1.0,3.0,5.0,8.0,0,2012,2011.5
65460.0,64.0,2.0,2.0,2.11,8.0,0,2012,2011.5
65473.0,60.0,2.0,4.0,0.81,5.0,0,2012,2011.5
65474.0,63.0,2.0,2.0,2.72,9.0,0,2012,2011.5
65478.0,61.0,2.0,4.0,5.0,8.0,0,2012,2011.5
65481.0,62.0,2.0,4.0,0.54,7.0,0,2012,2011.5
65486.0,66.0,2.0,4.0,1.84,8.0,0,2012,2011.5
65492.0,65.0,2.0,6.0,1.07,6.0,0,2012,2011.5
65510.0,65.0,2.0,3.0,0.87,8.0,0,2012,2011.5
65514.0,80.0,2.0,3.0,5.0,6.0,0,2012,2011.5
65524.0,63.0,1.0,1.0,1.48,4.0,1,2012,2011.5
65525.0,69.0,2.0,2.0,1.84,9.0,0,2012,2011.5
65536.0,61.0,2.0,1.0,0.67,6.0,0,2012,2011.5
65547.0,63.0,2.0,3.0,0.73,8.0,0,2012,2011.5
65549.0,80.0,1.0,3.0,1.84,4.0,1,2012,2011.5
65562.0,62.0,2.0,4.0,1.36,9.0,0,2012,2011.5
65571.0,74.0,2.0,6.0,0.65,5.0,0,2012,2011.5
65572.0,79.0,2.0,6.0,4.92,4.0,1,2012,2011.5
65587.0,78.0,1.0,3.0,1.91,7.0,0,2012,2011.5
65592.0,80.0,2.0,3.0,1.21,3.0,1,2012,2011.5
65594.0,60.0,2.0,4.0,1.74,4.0,1,2012,2011.5
65596.0,60.0,2.0,4.0,5.0,9.0,0,2012,2011.5
65605.0,68.0,1.0,1.0,3.57,8.0,0,2012,2011.5
65621.0,63.0,1.0,4.0,5.0,7.0,0,2012,2011.5
65634.0,61.0,2.0,4.0,5.0,7.0,0,2012,2011.5
65637.0,66.0,1.0,4.0,3.49,6.0,0,2012,2011.5
65640.0,65.0,2.0,4.0,0.08,7.0,0,2012,2011.5
65645.0,80.0,1.0,3.0,1.61,8.0,0,2012,2011.5
65648.0,61.0,1.0,4.0,1.74,5.0,0,2012,2011.5
65650.0,79.0,2.0,6.0,,7.0,0,2012,2011.5
65659.0,71.0,2.0,4.0,0.74,2.0,1,2012,2011.5
65660.0,73.0,2.0,3.0,0.75,3.0,1,2012,2011.5
65674.0,80.0,2.0,4.0,1.8,5.397605346934028e-79,1,2012,2011.5
65675.0,66.0,1.0,1.0,4.42,7.0,0,2012,2011.5
65679.0,69.0,1.0,7.0,0.72,1.0,1,2012,2011.5
65702.0,62.0,2.0,1.0,1.49,5.0,0,2012,2011.5
65705.0,63.0,2.0,1.0,0.99,8.0,0,2012,2011.5
65707.0,75.0,1.0,3.0,3.04,4.0,1,2012,2011.5
65712.0,75.0,1.0,2.0,2.24,7.0,0,2012,2011.5
65713.0,72.0,1.0,3.0,0.05,5.397605346934028e-79,1,2012,2011.5
65714.0,72.0,1.0,3.0,4.95,7.0,0,2012,2011.5
65719.0,68.0,1.0,6.0,0.92,8.0,0,2012,2011.5
65735.0,69.0,2.0,2.0,2.69,5.0,0,2012,2011.5
65736.0,71.0,1.0,6.0,1.18,6.0,0,2012,2011.5
65739.0,71.0,1.0,3.0,3.06,5.0,0,2012,2011.5
65740.0,68.0,1.0,4.0,5.0,5.0,0,2012,2011.5
65748.0,64.0,1.0,4.0,1.3,5.0,0,2012,2011.5
65758.0,67.0,2.0,6.0,0.65,4.0,1,2012,2011.5
65763.0,68.0,2.0,4.0,2.69,8.0,0,2012,2011.5
65764.0,73.0,2.0,3.0,1.91,3.0,1,2012,2011.5
65772.0,80.0,2.0,4.0,1.31,4.0,1,2012,2011.5
65800.0,61.0,2.0,3.0,5.0,7.0,0,2012,2011.5
65808.0,65.0,1.0,4.0,2.46,5.0,0,2012,2011.5
65820.0,77.0,1.0,6.0,0.74,5.397605346934028e-79,1,2012,2011.5
65822.0,63.0,1.0,3.0,2.2,6.0,0,2012,2011.5
65837.0,66.0,1.0,4.0,,8.0,0,2012,2011.5
65838.0,63.0,1.0,2.0,2.65,4.0,1,2012,2011.5
65841.0,63.0,1.0,3.0,5.0,9.0,0,2012,2011.5
65846.0,61.0,2.0,2.0,5.0,7.0,0,2012,2011.5
65856.0,63.0,1.0,4.0,1.61,5.0,0,2012,2011.5
65857.0,64.0,2.0,3.0,5.0,8.0,0,2012,2011.5
65867.0,60.0,2.0,3.0,1.98,4.0,1,2012,2011.5
65868.0,70.0,1.0,3.0,5.0,9.0,0,2012,2011.5
65869.0,66.0,2.0,4.0,1.16,3.0,1,2012,2011.5
65877.0,76.0,1.0,4.0,0.54,3.0,1,2012,2011.5
65885.0,69.0,1.0,3.0,1.16,1.0,1,2012,2011.5
65892.0,80.0,2.0,3.0,0.86,6.0,0,2012,2011.5
65898.0,66.0,1.0,4.0,1.11,7.0,0,2012,2011.5
65914.0,79.0,2.0,4.0,0.87,5.0,0,2012,2011.5
65923.0,62.0,1.0,3.0,5.0,9.0,0,2012,2011.5
65927.0,65.0,2.0,3.0,3.06,8.0,0,2012,2011.5
65929.0,64.0,1.0,3.0,1.59,8.0,0,2012,2011.5
65937.0,61.0,2.0,2.0,,2.0,1,2012,2011.5
65944.0,64.0,2.0,2.0,5.0,7.0,0,2012,2011.5
65954.0,66.0,2.0,4.0,,6.0,0,2012,2011.5
65955.0,80.0,2.0,3.0,1.16,4.0,1,2012,2011.5
65963.0,60.0,2.0,6.0,,6.0,0,2012,2011.5
65974.0,63.0,2.0,3.0,4.49,7.0,0,2012,2011.5
65992.0,61.0,2.0,4.0,5.0,10.0,0,2012,2011.5
65993.0,65.0,2.0,3.0,2.17,8.0,0,2012,2011.5
65994.0,62.0,1.0,4.0,,1.0,1,2012,2011.5
65998.0,67.0,2.0,4.0,1.1,8.0,0,2012,2011.5
65999.0,69.0,1.0,2.0,1.72,6.0,0,2012,2011.5
66001.0,62.0,1.0,3.0,5.0,5.0,0,2012,2011.5
66015.0,64.0,1.0,6.0,3.06,6.0,0,2012,2011.5
66026.0,65.0,1.0,3.0,5.0,8.0,0,2012,2011.5
66036.0,70.0,2.0,3.0,3.97,8.0,0,2012,2011.5
66043.0,64.0,2.0,3.0,,9.0,0,2012,2011.5
66049.0,73.0,1.0,2.0,3.04,4.0,1,2012,2011.5
66050.0,80.0,2.0,4.0,0.78,2.0,1,2012,2011.5
66053.0,65.0,2.0,3.0,5.0,7.0,0,2012,2011.5
66058.0,74.0,2.0,3.0,3.4,8.0,0,2012,2011.5
66059.0,60.0,1.0,2.0,4.47,10.0,0,2012,2011.5
66066.0,80.0,2.0,3.0,5.0,5.397605346934028e-79,1,2012,2011.5
66068.0,76.0,1.0,6.0,0.65,8.0,0,2012,2011.5
66070.0,62.0,2.0,4.0,1.3,8.0,0,2012,2011.5
66071.0,65.0,2.0,4.0,3.85,7.0,0,2012,2011.5
66073.0,80.0,1.0,1.0,,5.397605346934028e-79,1,2012,2011.5
66075.0,69.0,1.0,6.0,2.1,4.0,1,2012,2011.5
66077.0,63.0,1.0,3.0,5.0,8.0,0,2012,2011.5
66084.0,76.0,2.0,3.0,3.13,6.0,0,2012,2011.5
66092.0,68.0,2.0,6.0,3.64,8.0,0,2012,2011.5
66095.0,72.0,2.0,3.0,3.3,8.0,0,2012,2011.5
66110.0,63.0,1.0,3.0,5.0,4.0,1,2012,2011.5
66126.0,67.0,2.0,4.0,4.08,9.0,0,2012,2011.5
66127.0,61.0,2.0,4.0,2.65,8.0,0,2012,2011.5
66129.0,60.0,2.0,3.0,,9.0,0,2012,2011.5
66140.0,63.0,2.0,4.0,,9.0,0,2012,2011.5
66141.0,71.0,1.0,3.0,4.96,5.397605346934028e-79,1,2012,2011.5
66150.0,72.0,2.0,4.0,1.43,3.0,1,2012,2011.5
66153.0,78.0,1.0,3.0,1.11,4.0,1,2012,2011.5
66154.0,74.0,1.0,3.0,1.16,3.0,1,2012,2011.5
66157.0,80.0,1.0,3.0,2.72,4.0,1,2012,2011.5
66161.0,80.0,1.0,3.0,0.98,5.397605346934028e-79,1,2012,2011.5
66162.0,60.0,2.0,2.0,5.0,9.0,0,2012,2011.5
66169.0,63.0,1.0,3.0,5.0,4.0,1,2012,2011.5
66178.0,62.0,1.0,4.0,3.06,5.0,0,2012,2011.5
66192.0,80.0,1.0,3.0,3.8,5.0,0,2012,2011.5
66194.0,63.0,2.0,3.0,5.0,7.0,0,2012,2011.5
66197.0,60.0,2.0,2.0,1.32,7.0,0,2012,2011.5
66202.0,61.0,1.0,6.0,,8.0,0,2012,2011.5
66206.0,62.0,1.0,4.0,2.88,8.0,0,2012,2011.5
66210.0,63.0,2.0,4.0,0.78,8.0,0,2012,2011.5
66224.0,80.0,2.0,3.0,0.54,2.0,1,2012,2011.5
66229.0,71.0,1.0,3.0,5.0,6.0,0,2012,2011.5
66230.0,64.0,2.0,2.0,1.85,7.0,0,2012,2011.5
66238.0,61.0,2.0,4.0,2.39,5.0,0,2012,2011.5
66239.0,80.0,1.0,6.0,5.0,2.0,1,2012,2011.5
66247.0,70.0,1.0,4.0,0.75,4.0,1,2012,2011.5
66254.0,64.0,2.0,2.0,2.31,6.0,0,2012,2011.5
66263.0,65.0,1.0,3.0,5.0,8.0,0,2012,2011.5
66264.0,64.0,2.0,1.0,1.26,5.397605346934028e-79,1,2012,2011.5
66271.0,80.0,1.0,3.0,0.82,3.0,1,2012,2011.5
66279.0,62.0,1.0,4.0,,8.0,0,2012,2011.5
66290.0,63.0,2.0,3.0,4.08,5.0,0,2012,2011.5
66294.0,76.0,1.0,3.0,,6.0,0,2012,2011.5
66295.0,80.0,2.0,3.0,4.02,6.0,0,2012,2011.5
66297.0,68.0,1.0,4.0,3.03,9.0,0,2012,2011.5
66298.0,61.0,2.0,2.0,3.3,7.0,0,2012,2011.5
66312.0,80.0,1.0,3.0,5.0,5.397605346934028e-79,1,2012,2011.5
66321.0,71.0,2.0,3.0,2.51,4.0,1,2012,2011.5
66331.0,77.0,2.0,3.0,0.83,7.0,0,2012,2011.5
66336.0,71.0,1.0,3.0,,2.0,1,2012,2011.5
66347.0,80.0,1.0,3.0,,3.0,1,2012,2011.5
66351.0,80.0,2.0,3.0,5.0,5.397605346934028e-79,1,2012,2011.5
66358.0,64.0,1.0,3.0,5.0,8.0,0,2012,2011.5
66371.0,77.0,1.0,4.0,1.98,3.0,1,2012,2011.5
66373.0,68.0,2.0,3.0,0.86,5.0,0,2012,2011.5
66381.0,66.0,1.0,4.0,1.24,5.0,0,2012,2011.5
66398.0,70.0,1.0,4.0,,5.397605346934028e-79,1,2012,2011.5
66399.0,61.0,1.0,4.0,5.0,5.0,0,2012,2011.5
66402.0,60.0,1.0,7.0,2.3,7.0,0,2012,2011.5
66416.0,63.0,2.0,3.0,3.3,8.0,0,2012,2011.5
66421.0,73.0,1.0,6.0,4.23,3.0,1,2012,2011.5
66427.0,63.0,1.0,4.0,5.0,5.0,0,2012,2011.5
66429.0,69.0,2.0,2.0,0.73,8.0,0,2012,2011.5
66436.0,74.0,2.0,6.0,1.18,5.0,0,2012,2011.5
66441.0,74.0,1.0,6.0,1.8,4.0,1,2012,2011.5
66456.0,70.0,2.0,4.0,2.64,6.0,0,2012,2011.5
66457.0,70.0,1.0,2.0,0.79,8.0,0,2012,2011.5
66458.0,70.0,2.0,4.0,1.16,7.0,0,2012,2011.5
66472.0,61.0,1.0,3.0,5.0,6.0,0,2012,2011.5
66475.0,61.0,2.0,6.0,,8.0,0,2012,2011.5
66476.0,60.0,1.0,3.0,5.0,7.0,0,2012,2011.5
66495.0,80.0,2.0,2.0,2.57,5.397605346934028e-79,1,2012,2011.5
66504.0,70.0,1.0,3.0,3.23,6.0,0,2012,2011.5
66507.0,74.0,1.0,3.0,4.59,5.0,0,2012,2011.5
66509.0,70.0,2.0,3.0,5.0,5.0,0,2012,2011.5
66513.0,69.0,1.0,6.0,,9.0,0,2012,2011.5
66515.0,70.0,2.0,6.0,5.0,8.0,0,2012,2011.5
66518.0,80.0,2.0,4.0,1.65,7.0,0,2012,2011.5
66523.0,66.0,2.0,4.0,5.0,6.0,0,2012,2011.5
66527.0,74.0,2.0,4.0,5.0,9.0,0,2012,2011.5
66533.0,79.0,1.0,4.0,1.36,6.0,0,2012,2011.5
66538.0,69.0,1.0,3.0,3.4,9.0,0,2012,2011.5
66541.0,70.0,2.0,4.0,1.45,8.0,0,2012,2011.5
66542.0,63.0,1.0,4.0,2.7,6.0,0,2012,2011.5
66547.0,65.0,1.0,3.0,5.0,4.0,1,2012,2011.5
66554.0,60.0,1.0,3.0,0.73,2.0,1,2012,2011.5
66556.0,60.0,1.0,3.0,3.51,6.0,0,2012,2011.5
66563.0,73.0,2.0,4.0,2.64,7.0,0,2012,2011.5
66565.0,66.0,2.0,3.0,0.8,9.0,0,2012,2011.5
66569.0,62.0,2.0,2.0,0.64,6.0,0,2012,2011.5
66583.0,64.0,1.0,1.0,1.98,7.0,0,2012,2011.5
66594.0,61.0,1.0,1.0,1.19,6.0,0,2012,2011.5
66600.0,64.0,2.0,4.0,5.0,9.0,0,2012,2011.5
66612.0,64.0,1.0,2.0,5.0,7.0,0,2012,2011.5
66619.0,72.0,2.0,3.0,2.04,6.0,0,2012,2011.5
66623.0,62.0,1.0,6.0,,7.0,0,2012,2011.5
66631.0,69.0,2.0,4.0,1.01,6.0,0,2012,2011.5
66635.0,78.0,1.0,6.0,3.97,8.0,0,2012,2011.5
66644.0,63.0,2.0,3.0,1.16,9.0,0,2012,2011.5
66646.0,70.0,2.0,3.0,5.0,9.0,0,2012,2011.5
66661.0,68.0,1.0,3.0,1.36,7.0,0,2012,2011.5
66663.0,62.0,1.0,6.0,5.0,8.0,0,2012,2011.5
66668.0,64.0,2.0,3.0,5.0,6.0,0,2012,2011.5
66669.0,63.0,2.0,3.0,5.0,7.0,0,2012,2011.5
66672.0,60.0,1.0,1.0,5.0,7.0,0,2012,2011.5
66674.0,80.0,2.0,3.0,0.9,4.0,1,2012,2011.5
66690.0,65.0,1.0,1.0,0.67,5.0,0,2012,2011.5
66695.0,60.0,1.0,3.0,0.67,8.0,0,2012,2011.5
66701.0,75.0,1.0,2.0,1.36,4.0,1,2012,2011.5
66710.0,66.0,1.0,6.0,1.83,10.0,0,2012,2011.5
66715.0,64.0,1.0,4.0,4.08,8.0,0,2012,2011.5
66728.0,71.0,2.0,6.0,1.14,8.0,0,2012,2011.5
66729.0,64.0,2.0,3.0,5.0,7.0,0,2012,2011.5
66741.0,73.0,2.0,3.0,0.08,3.0,1,2012,2011.5
66743.0,68.0,2.0,2.0,0.94,3.0,1,2012,2011.5
66748.0,73.0,1.0,7.0,1.01,6.0,0,2012,2011.5
66750.0,73.0,2.0,2.0,2.96,7.0,0,2012,2011.5
66758.0,80.0,2.0,3.0,,4.0,1,2012,2011.5
66763.0,80.0,2.0,3.0,1.61,9.0,0,2012,2011.5
66781.0,68.0,1.0,2.0,1.12,5.0,0,2012,2011.5
66796.0,70.0,1.0,3.0,4.08,8.0,0,2012,2011.5
66804.0,74.0,1.0,4.0,1.13,5.0,0,2012,2011.5
66808.0,63.0,1.0,4.0,1.05,6.0,0,2012,2011.5
66817.0,72.0,2.0,3.0,0.83,8.0,0,2012,2011.5
66826.0,61.0,2.0,4.0,3.97,9.0,0,2012,2011.5
66832.0,75.0,1.0,4.0,1.84,4.0,1,2012,2011.5
66838.0,65.0,2.0,3.0,3.13,5.0,0,2012,2011.5
66863.0,77.0,1.0,3.0,,6.0,0,2012,2011.5
66875.0,69.0,2.0,6.0,1.22,7.0,0,2012,2011.5
66876.0,62.0,2.0,3.0,5.0,9.0,0,2012,2011.5
66877.0,80.0,2.0,3.0,1.63,8.0,0,2012,2011.5
66885.0,76.0,1.0,4.0,0.87,6.0,0,2012,2011.5
66893.0,60.0,1.0,3.0,4.01,5.0,0,2012,2011.5
66896.0,64.0,1.0,4.0,0.78,5.0,0,2012,2011.5
66901.0,68.0,2.0,4.0,1.98,3.0,1,2012,2011.5
66918.0,72.0,1.0,3.0,3.44,5.0,0,2012,2011.5
66920.0,77.0,1.0,4.0,2.04,5.0,0,2012,2011.5
66929.0,63.0,2.0,4.0,5.0,5.0,0,2012,2011.5
66932.0,60.0,1.0,4.0,2.58,9.0,0,2012,2011.5
66944.0,72.0,1.0,3.0,2.15,9.0,0,2012,2011.5
66957.0,62.0,1.0,3.0,1.75,6.0,0,2012,2011.5
66974.0,72.0,1.0,4.0,1.45,6.0,0,2012,2011.5
66982.0,73.0,2.0,3.0,1.13,4.0,1,2012,2011.5
66984.0,75.0,1.0,3.0,3.61,8.0,0,2012,2011.5
66985.0,77.0,2.0,2.0,0.66,4.0,1,2012,2011.5
67001.0,76.0,1.0,3.0,3.4,6.0,0,2012,2011.5
67003.0,68.0,1.0,3.0,5.0,5.0,0,2012,2011.5
67011.0,67.0,2.0,4.0,0.72,8.0,0,2012,2011.5
67020.0,78.0,1.0,3.0,5.0,5.0,0,2012,2011.5
67025.0,78.0,2.0,2.0,0.89,5.0,0,2012,2011.5
67037.0,66.0,2.0,2.0,0.67,2.0,1,2012,2011.5
67046.0,66.0,1.0,4.0,2.38,8.0,0,2012,2011.5
67049.0,78.0,2.0,4.0,,5.0,0,2012,2011.5
67053.0,67.0,1.0,2.0,1.74,4.0,1,2012,2011.5
67055.0,71.0,2.0,3.0,1.24,5.0,0,2012,2011.5
67066.0,65.0,1.0,3.0,1.24,7.0,0,2012,2011.5
67070.0,64.0,2.0,4.0,0.76,5.0,0,2012,2011.5
67078.0,75.0,2.0,3.0,0.92,5.0,0,2012,2011.5
67092.0,76.0,1.0,3.0,4.03,3.0,1,2012,2011.5
67094.0,60.0,1.0,4.0,5.0,8.0,0,2012,2011.5
67107.0,77.0,1.0,4.0,0.6,2.0,1,2012,2011.5
67112.0,64.0,2.0,1.0,5.0,8.0,0,2012,2011.5
67137.0,67.0,1.0,2.0,2.04,6.0,0,2012,2011.5
67141.0,72.0,2.0,3.0,,8.0,0,2012,2011.5
67148.0,68.0,2.0,2.0,0.64,3.0,1,2012,2011.5
67149.0,65.0,2.0,4.0,2.31,8.0,0,2012,2011.5
67159.0,80.0,1.0,6.0,1.08,5.0,0,2012,2011.5
67177.0,74.0,2.0,3.0,0.88,7.0,0,2012,2011.5
67180.0,78.0,2.0,4.0,2.06,4.0,1,2012,2011.5
67197.0,73.0,2.0,3.0,5.0,6.0,0,2012,2011.5
67208.0,67.0,1.0,4.0,2.31,5.0,0,2012,2011.5
67209.0,80.0,2.0,3.0,1.84,3.0,1,2012,2011.5
67222.0,80.0,2.0,3.0,1.15,6.0,0,2012,2011.5
67225.0,80.0,1.0,3.0,1.07,3.0,1,2012,2011.5
67229.0,65.0,1.0,3.0,1.61,9.0,0,2012,2011.5
67258.0,73.0,2.0,3.0,2.04,7.0,0,2012,2011.5
67264.0,77.0,2.0,3.0,1.61,5.0,0,2012,2011.5
67275.0,77.0,1.0,3.0,0.88,5.397605346934028e-79,1,2012,2011.5
67276.0,60.0,2.0,2.0,1.34,4.0,1,2012,2011.5
67285.0,70.0,2.0,2.0,2.89,7.0,0,2012,2011.5
67291.0,74.0,2.0,3.0,1.16,9.0,0,2012,2011.5
67300.0,72.0,1.0,3.0,2.6,7.0,0,2012,2011.5
67309.0,72.0,1.0,2.0,3.14,5.397605346934028e-79,1,2012,2011.5
67314.0,62.0,1.0,3.0,0.98,6.0,0,2012,2011.5
67329.0,61.0,2.0,4.0,0.47,7.0,0,2012,2011.5
67337.0,73.0,2.0,3.0,5.0,7.0,0,2012,2011.5
67339.0,70.0,1.0,3.0,4.08,9.0,0,2012,2011.5
67341.0,74.0,1.0,1.0,3.3,5.0,0,2012,2011.5
67344.0,60.0,1.0,2.0,1.43,5.0,0,2012,2011.5
67346.0,80.0,1.0,3.0,,8.0,0,2012,2011.5
67347.0,80.0,1.0,3.0,2.04,6.0,0,2012,2011.5
67353.0,61.0,1.0,6.0,5.0,7.0,0,2012,2011.5
67359.0,74.0,1.0,3.0,5.0,4.0,1,2012,2011.5
67363.0,61.0,1.0,2.0,1.34,5.0,0,2012,2011.5
67373.0,64.0,2.0,2.0,,7.0,0,2012,2011.5
67389.0,62.0,1.0,2.0,,4.0,1,2012,2011.5
67407.0,64.0,1.0,3.0,5.0,6.0,0,2012,2011.5
67413.0,80.0,1.0,3.0,1.62,1.0,1,2012,2011.5
67414.0,77.0,2.0,4.0,1.07,6.0,0,2012,2011.5
67418.0,80.0,2.0,3.0,0.87,5.0,0,2012,2011.5
67429.0,65.0,2.0,2.0,1.47,5.0,0,2012,2011.5
67431.0,61.0,1.0,6.0,,4.0,1,2012,2011.5
67433.0,65.0,1.0,1.0,0.48,3.0,1,2012,2011.5
67435.0,80.0,1.0,6.0,0.82,6.0,0,2012,2011.5
67438.0,61.0,1.0,4.0,1.32,6.0,0,2012,2011.5
67441.0,80.0,1.0,3.0,5.0,4.0,1,2012,2011.5
67452.0,60.0,2.0,3.0,5.0,9.0,0,2012,2011.5
67454.0,76.0,2.0,3.0,2.02,5.0,0,2012,2011.5
67455.0,70.0,1.0,3.0,1.65,2.0,1,2012,2011.5
67460.0,80.0,2.0,3.0,1.79,5.0,0,2012,2011.5
67473.0,79.0,2.0,2.0,2.31,7.0,0,2012,2011.5
67480.0,62.0,2.0,4.0,3.85,6.0,0,2012,2011.5
67481.0,69.0,2.0,2.0,0.66,4.0,1,2012,2011.5
67483.0,64.0,2.0,2.0,0.66,3.0,1,2012,2011.5
67487.0,75.0,2.0,4.0,0.92,5.397605346934028e-79,1,2012,2011.5
67489.0,80.0,2.0,4.0,3.97,5.0,0,2012,2011.5
67493.0,76.0,1.0,4.0,4.35,4.0,1,2012,2011.5
67499.0,73.0,1.0,2.0,5.0,4.0,1,2012,2011.5
67501.0,62.0,2.0,7.0,4.76,5.0,0,2012,2011.5
67505.0,61.0,2.0,3.0,4.63,7.0,0,2012,2011.5
67509.0,79.0,1.0,3.0,3.67,5.0,0,2012,2011.5
67519.0,63.0,1.0,4.0,1.98,2.0,1,2012,2011.5
67520.0,79.0,1.0,3.0,1.19,2.0,1,2012,2011.5
67521.0,76.0,2.0,3.0,1.48,7.0,0,2012,2011.5
67525.0,67.0,1.0,6.0,0.33,9.0,0,2012,2011.5
67532.0,71.0,2.0,3.0,1.65,3.0,1,2012,2011.5
67535.0,63.0,2.0,4.0,3.14,3.0,1,2012,2011.5
67548.0,68.0,2.0,4.0,0.84,7.0,0,2012,2011.5
67560.0,68.0,1.0,6.0,0.59,2.0,1,2012,2011.5
67563.0,80.0,2.0,3.0,0.64,2.0,1,2012,2011.5
67566.0,80.0,2.0,3.0,1.26,3.0,1,2012,2011.5
67567.0,69.0,1.0,4.0,3.53,5.397605346934028e-79,1,2012,2011.5
67573.0,80.0,2.0,1.0,1.15,4.0,1,2012,2011.5
67577.0,60.0,2.0,3.0,4.82,10.0,0,2012,2011.5
67580.0,67.0,2.0,3.0,0.95,7.0,0,2012,2011.5
67587.0,80.0,2.0,3.0,3.49,9.0,0,2012,2011.5
67589.0,79.0,1.0,4.0,2.11,6.0,0,2012,2011.5
67596.0,63.0,1.0,7.0,5.0,6.0,0,2012,2011.5
67598.0,80.0,2.0,2.0,3.04,2.0,1,2012,2011.5
67603.0,62.0,2.0,6.0,5.0,8.0,0,2012,2011.5
67607.0,63.0,2.0,6.0,4.96,9.0,0,2012,2011.5
67616.0,63.0,1.0,3.0,0.81,6.0,0,2012,2011.5
67625.0,80.0,2.0,3.0,0.88,7.0,0,2012,2011.5
67629.0,70.0,2.0,6.0,,5.0,0,2012,2011.5
67635.0,65.0,1.0,1.0,1.98,3.0,1,2012,2011.5
67643.0,76.0,1.0,3.0,5.0,5.0,0,2012,2011.5
67647.0,70.0,2.0,4.0,1.1,3.0,1,2012,2011.5
67658.0,77.0,1.0,3.0,4.13,5.0,0,2012,2011.5
67661.0,80.0,1.0,3.0,1.22,4.0,1,2012,2011.5
67666.0,64.0,2.0,4.0,5.0,4.0,1,2012,2011.5
67668.0,70.0,2.0,3.0,0.98,6.0,0,2012,2011.5
67675.0,66.0,1.0,1.0,1.95,3.0,1,2012,2011.5
67694.0,62.0,1.0,4.0,,6.0,0,2012,2011.5
67696.0,67.0,2.0,6.0,1.68,7.0,0,2012,2011.5
67698.0,63.0,2.0,3.0,3.97,9.0,0,2012,2011.5
67700.0,69.0,1.0,6.0,0.78,8.0,0,2012,2011.5
67703.0,72.0,1.0,1.0,1.98,8.0,0,2012,2011.5
67709.0,60.0,1.0,2.0,,6.0,0,2012,2011.5
67713.0,62.0,1.0,3.0,4.63,4.0,1,2012,2011.5
67717.0,66.0,1.0,4.0,1.1,5.397605346934028e-79,1,2012,2011.5
67720.0,64.0,1.0,4.0,5.0,6.0,0,2012,2011.5
67721.0,80.0,2.0,3.0,1.1,5.0,0,2012,2011.5
67732.0,62.0,1.0,4.0,5.397605346934028e-79,3.0,1,2012,2011.5
67745.0,72.0,2.0,3.0,0.83,5.0,0,2012,2011.5
67766.0,62.0,2.0,3.0,1.26,10.0,0,2012,2011.5
67772.0,73.0,2.0,3.0,3.74,7.0,0,2012,2011.5
67773.0,60.0,2.0,6.0,3.44,7.0,0,2012,2011.5
67788.0,62.0,1.0,1.0,1.29,10.0,0,2012,2011.5
67791.0,80.0,2.0,3.0,1.16,6.0,0,2012,2011.5
67812.0,66.0,1.0,2.0,,6.0,0,2012,2011.5
67813.0,67.0,1.0,4.0,5.0,5.397605346934028e-79,1,2012,2011.5
67819.0,79.0,2.0,7.0,1.16,3.0,1,2012,2011.5
67822.0,80.0,2.0,3.0,0.95,7.0,0,2012,2011.5
67828.0,67.0,1.0,4.0,1.22,4.0,1,2012,2011.5
67832.0,71.0,2.0,4.0,0.67,5.0,0,2012,2011.5
67833.0,80.0,1.0,3.0,1.32,3.0,1,2012,2011.5
67842.0,63.0,2.0,4.0,0.16,8.0,0,2012,2011.5
67848.0,66.0,1.0,1.0,1.34,4.0,1,2012,2011.5
67850.0,64.0,2.0,4.0,5.0,9.0,0,2012,2011.5
67861.0,60.0,1.0,3.0,5.0,10.0,0,2012,2011.5
67866.0,60.0,2.0,4.0,2.24,4.0,1,2012,2011.5
67874.0,69.0,1.0,3.0,4.3,6.0,0,2012,2011.5
67877.0,79.0,2.0,3.0,3.44,1.0,1,2012,2011.5
67887.0,67.0,2.0,6.0,5.0,7.0,0,2012,2011.5
67894.0,80.0,1.0,7.0,1.95,5.0,0,2012,2011.5
67897.0,71.0,2.0,3.0,5.0,8.0,0,2012,2011.5
67898.0,60.0,2.0,4.0,1.0,6.0,0,2012,2011.5
67899.0,80.0,1.0,4.0,1.25,6.0,0,2012,2011.5
67901.0,73.0,2.0,4.0,,5.0,0,2012,2011.5
67912.0,65.0,1.0,2.0,5.0,5.0,0,2012,2011.5
67921.0,80.0,2.0,3.0,5.0,5.397605346934028e-79,1,2012,2011.5
67939.0,72.0,1.0,3.0,5.0,4.0,1,2012,2011.5
67940.0,66.0,1.0,3.0,3.06,7.0,0,2012,2011.5
67952.0,65.0,2.0,2.0,0.55,4.0,1,2012,2011.5
67965.0,74.0,1.0,3.0,3.4,5.0,0,2012,2011.5
67970.0,72.0,1.0,3.0,,8.0,0,2012,2011.5
67978.0,60.0,2.0,3.0,0.13,5.0,0,2012,2011.5
67979.0,65.0,1.0,4.0,2.72,7.0,0,2012,2011.5
67986.0,63.0,2.0,4.0,3.97,7.0,0,2012,2011.5
67993.0,60.0,1.0,2.0,0.57,2.0,1,2012,2011.5
67995.0,70.0,1.0,3.0,5.0,4.0,1,2012,2011.5
68000.0,65.0,1.0,3.0,2.58,6.0,0,2012,2011.5
68001.0,79.0,1.0,4.0,1.43,6.0,0,2012,2011.5
68003.0,72.0,1.0,3.0,1.41,9.0,0,2012,2011.5
68010.0,63.0,1.0,4.0,1.29,3.0,1,2012,2011.5
68012.0,70.0,2.0,4.0,,6.0,0,2012,2011.5
68013.0,60.0,2.0,2.0,4.3,9.0,0,2012,2011.5
68017.0,68.0,2.0,1.0,4.3,8.0,0,2012,2011.5
68020.0,80.0,2.0,3.0,1.25,2.0,1,2012,2011.5
68028.0,66.0,2.0,4.0,3.97,9.0,0,2012,2011.5
68029.0,60.0,1.0,4.0,0.9,5.0,0,2012,2011.5
68032.0,80.0,2.0,3.0,2.01,5.0,0,2012,2011.5
68034.0,68.0,2.0,4.0,,5.0,0,2012,2011.5
68035.0,78.0,2.0,3.0,,5.0,0,2012,2011.5
68038.0,68.0,1.0,4.0,5.0,2.0,1,2012,2011.5
68041.0,63.0,1.0,4.0,5.0,9.0,0,2012,2011.5
68046.0,65.0,2.0,7.0,1.84,6.0,0,2012,2011.5
68064.0,80.0,2.0,1.0,0.82,5.0,0,2012,2011.5
68066.0,63.0,2.0,4.0,5.0,7.0,0,2012,2011.5
68068.0,79.0,2.0,3.0,5.0,7.0,0,2012,2011.5
68077.0,72.0,2.0,3.0,,6.0,0,2012,2011.5
68091.0,74.0,2.0,1.0,,6.0,0,2012,2011.5
68101.0,80.0,1.0,3.0,1.16,6.0,0,2012,2011.5
68102.0,75.0,1.0,2.0,0.46,3.0,1,2012,2011.5
68106.0,72.0,2.0,3.0,2.86,3.0,1,2012,2011.5
68110.0,60.0,1.0,3.0,4.49,5.0,0,2012,2011.5
68115.0,80.0,2.0,3.0,2.11,3.0,1,2012,2011.5
68121.0,70.0,1.0,3.0,5.0,8.0,0,2012,2011.5
68129.0,78.0,2.0,4.0,0.84,3.0,1,2012,2011.5
68143.0,80.0,2.0,2.0,1.41,4.0,1,2012,2011.5
68145.0,62.0,1.0,4.0,1.65,6.0,0,2012,2011.5
68147.0,75.0,1.0,4.0,1.1,3.0,1,2012,2011.5
68156.0,61.0,2.0,4.0,5.0,6.0,0,2012,2011.5
68177.0,62.0,1.0,3.0,1.19,6.0,0,2012,2011.5
68181.0,74.0,1.0,3.0,1.39,7.0,0,2012,2011.5
68188.0,70.0,2.0,3.0,5.0,3.0,1,2012,2011.5
68195.0,74.0,1.0,3.0,1.16,6.0,0,2012,2011.5
68203.0,78.0,2.0,7.0,1.12,2.0,1,2012,2011.5
68234.0,68.0,1.0,1.0,2.02,5.0,0,2012,2011.5
68237.0,63.0,1.0,3.0,2.41,6.0,0,2012,2011.5
68249.0,60.0,1.0,3.0,3.97,7.0,0,2012,2011.5
68255.0,60.0,1.0,6.0,1.62,6.0,0,2012,2011.5
68260.0,61.0,1.0,4.0,1.29,6.0,0,2012,2011.5
68261.0,80.0,2.0,4.0,5.0,5.397605346934028e-79,1,2012,2011.5
68262.0,64.0,2.0,4.0,0.72,9.0,0,2012,2011.5
68263.0,63.0,2.0,3.0,3.78,7.0,0,2012,2011.5
68275.0,71.0,1.0,4.0,5.0,9.0,0,2012,2011.5
68276.0,80.0,2.0,3.0,1.26,7.0,0,2012,2011.5
68277.0,61.0,1.0,1.0,1.48,5.0,0,2012,2011.5
68290.0,74.0,2.0,3.0,3.97,5.0,0,2012,2011.5
68291.0,69.0,1.0,2.0,0.99,5.0,0,2012,2011.5
68296.0,69.0,2.0,3.0,0.68,3.0,1,2012,2011.5
68316.0,70.0,2.0,2.0,2.49,8.0,0,2012,2011.5
68318.0,80.0,2.0,6.0,,5.397605346934028e-79,1,2012,2011.5
68321.0,80.0,1.0,7.0,3.4,5.0,0,2012,2011.5
68327.0,80.0,1.0,3.0,2.01,8.0,0,2012,2011.5
68330.0,69.0,2.0,3.0,1.94,3.0,1,2012,2011.5
68331.0,66.0,1.0,1.0,5.0,3.0,1,2012,2011.5
68341.0,64.0,2.0,2.0,3.04,6.0,0,2012,2011.5
68356.0,73.0,2.0,4.0,3.49,8.0,0,2012,2011.5
68364.0,63.0,1.0,4.0,1.12,5.397605346934028e-79,1,2012,2011.5
68365.0,64.0,1.0,3.0,2.66,5.0,0,2012,2011.5
68367.0,78.0,1.0,4.0,3.14,2.0,1,2012,2011.5
68376.0,61.0,2.0,1.0,,7.0,0,2012,2011.5
68377.0,74.0,1.0,3.0,0.93,9.0,0,2012,2011.5
68404.0,65.0,2.0,4.0,1.1,8.0,0,2012,2011.5
68416.0,63.0,1.0,6.0,0.63,6.0,0,2012,2011.5
68418.0,70.0,2.0,2.0,3.14,3.0,1,2012,2011.5
68419.0,70.0,2.0,3.0,1.79,5.0,0,2012,2011.5
68422.0,60.0,2.0,3.0,,5.0,0,2012,2011.5
68432.0,80.0,1.0,2.0,0.78,1.0,1,2012,2011.5
68434.0,67.0,2.0,4.0,1.12,3.0,1,2012,2011.5
68443.0,73.0,1.0,4.0,,4.0,1,2012,2011.5
68445.0,70.0,1.0,2.0,,3.0,1,2012,2011.5
68446.0,68.0,2.0,6.0,2.72,7.0,0,2012,2011.5
68447.0,68.0,2.0,3.0,0.78,9.0,0,2012,2011.5
68452.0,69.0,2.0,2.0,1.47,5.0,0,2012,2011.5
68453.0,79.0,2.0,3.0,2.31,4.0,1,2012,2011.5
68464.0,61.0,2.0,3.0,1.24,5.0,0,2012,2011.5
68465.0,80.0,2.0,6.0,0.89,3.0,1,2012,2011.5
68468.0,61.0,1.0,2.0,1.7,3.0,1,2012,2011.5
68482.0,77.0,2.0,4.0,0.65,4.0,1,2012,2011.5
68485.0,64.0,2.0,3.0,2.3,9.0,0,2012,2011.5
68491.0,80.0,1.0,3.0,2.45,3.0,1,2012,2011.5
68495.0,78.0,2.0,3.0,0.87,3.0,1,2012,2011.5
68498.0,63.0,2.0,4.0,5.0,5.397605346934028e-79,1,2012,2011.5
68500.0,80.0,2.0,4.0,2.75,6.0,0,2012,2011.5
68506.0,77.0,2.0,3.0,1.22,9.0,0,2012,2011.5
68510.0,65.0,1.0,4.0,1.51,1.0,1,2012,2011.5
68513.0,69.0,2.0,3.0,2.04,8.0,0,2012,2011.5
68528.0,70.0,2.0,3.0,2.75,3.0,1,2012,2011.5
68529.0,80.0,2.0,3.0,1.79,2.0,1,2012,2011.5
68531.0,60.0,1.0,4.0,5.0,5.397605346934028e-79,1,2012,2011.5
68536.0,60.0,2.0,4.0,3.22,8.0,0,2012,2011.5
68538.0,72.0,1.0,4.0,,3.0,1,2012,2011.5
68544.0,66.0,1.0,6.0,2.28,7.0,0,2012,2011.5
68545.0,63.0,1.0,4.0,0.2,2.0,1,2012,2011.5
68548.0,66.0,2.0,3.0,2.82,7.0,0,2012,2011.5
68551.0,80.0,2.0,4.0,1.61,5.0,0,2012,2011.5
68553.0,61.0,2.0,3.0,1.11,7.0,0,2012,2011.5
68557.0,71.0,1.0,3.0,0.98,7.0,0,2012,2011.5
68558.0,62.0,2.0,6.0,0.26,6.0,0,2012,2011.5
68559.0,80.0,1.0,3.0,2.69,4.0,1,2012,2011.5
68561.0,65.0,2.0,3.0,1.31,10.0,0,2012,2011.5
68565.0,65.0,2.0,6.0,5.0,10.0,0,2012,2011.5
68573.0,64.0,1.0,6.0,3.24,8.0,0,2012,2011.5
68591.0,67.0,1.0,4.0,4.86,8.0,0,2012,2011.5
68593.0,63.0,2.0,6.0,5.0,5.0,0,2012,2011.5
68594.0,80.0,1.0,3.0,0.92,1.0,1,2012,2011.5
68597.0,73.0,2.0,3.0,2.2,4.0,1,2012,2011.5
68606.0,62.0,2.0,2.0,1.04,6.0,0,2012,2011.5
68613.0,61.0,2.0,3.0,4.41,7.0,0,2012,2011.5
68614.0,73.0,1.0,2.0,0.94,1.0,1,2012,2011.5
68622.0,70.0,2.0,3.0,2.72,7.0,0,2012,2011.5
68627.0,70.0,2.0,3.0,,8.0,0,2012,2011.5
68632.0,65.0,2.0,3.0,5.0,6.0,0,2012,2011.5
68645.0,75.0,2.0,3.0,2.51,5.0,0,2012,2011.5
68657.0,67.0,1.0,3.0,0.76,6.0,0,2012,2011.5
68661.0,64.0,2.0,4.0,5.0,7.0,0,2012,2011.5
68673.0,62.0,1.0,2.0,1.3,8.0,0,2012,2011.5
68675.0,73.0,2.0,6.0,4.63,4.0,1,2012,2011.5
68682.0,79.0,2.0,3.0,1.63,9.0,0,2012,2011.5
68689.0,70.0,2.0,2.0,1.36,5.0,0,2012,2011.5
68703.0,63.0,1.0,1.0,5.0,8.0,0,2012,2011.5
68708.0,61.0,2.0,2.0,0.65,7.0,0,2012,2011.5
68717.0,80.0,1.0,4.0,4.76,6.0,0,2012,2011.5
68730.0,80.0,1.0,3.0,1.07,8.0,0,2012,2011.5
68740.0,64.0,1.0,3.0,5.0,7.0,0,2012,2011.5
68745.0,61.0,2.0,3.0,1.4,6.0,0,2012,2011.5
68748.0,70.0,1.0,6.0,1.68,8.0,0,2012,2011.5
68767.0,68.0,2.0,4.0,,7.0,0,2012,2011.5
68768.0,77.0,2.0,2.0,0.64,5.0,0,2012,2011.5
68780.0,78.0,1.0,6.0,4.63,9.0,0,2012,2011.5
68786.0,80.0,1.0,3.0,5.0,1.0,1,2012,2011.5
68787.0,65.0,1.0,3.0,1.31,7.0,0,2012,2011.5
68793.0,73.0,1.0,3.0,2.86,6.0,0,2012,2011.5
68794.0,74.0,1.0,3.0,4.96,8.0,0,2012,2011.5
68799.0,70.0,1.0,3.0,,6.0,0,2012,2011.5
68810.0,80.0,1.0,3.0,0.66,1.0,1,2012,2011.5
68818.0,62.0,1.0,4.0,2.75,6.0,0,2012,2011.5
68823.0,64.0,1.0,4.0,2.31,6.0,0,2012,2011.5
68831.0,79.0,2.0,4.0,4.96,6.0,0,2012,2011.5
68836.0,60.0,1.0,4.0,4.2,8.0,0,2012,2011.5
68839.0,80.0,1.0,3.0,3.67,2.0,1,2012,2011.5
68845.0,75.0,2.0,3.0,1.1,4.0,1,2012,2011.5
68855.0,70.0,1.0,3.0,1.94,8.0,0,2012,2011.5
68865.0,62.0,1.0,4.0,0.64,5.0,0,2012,2011.5
68868.0,80.0,2.0,3.0,4.3,8.0,0,2012,2011.5
68888.0,74.0,1.0,4.0,5.0,4.0,1,2012,2011.5
68892.0,75.0,1.0,3.0,3.04,5.397605346934028e-79,1,2012,2011.5
68895.0,74.0,2.0,6.0,3.47,5.0,0,2012,2011.5
68902.0,78.0,2.0,4.0,,5.0,0,2012,2011.5
68910.0,74.0,1.0,2.0,1.7,7.0,0,2012,2011.5
68922.0,74.0,2.0,3.0,4.96,7.0,0,2012,2011.5
68925.0,80.0,1.0,3.0,0.98,2.0,1,2012,2011.5
68933.0,72.0,1.0,4.0,5.0,7.0,0,2012,2011.5
68944.0,79.0,2.0,2.0,0.64,7.0,0,2012,2011.5
68946.0,64.0,2.0,3.0,4.2,6.0,0,2012,2011.5
68947.0,65.0,2.0,4.0,,7.0,0,2012,2011.5
68952.0,80.0,2.0,3.0,2.51,8.0,0,2012,2011.5
68961.0,64.0,2.0,3.0,5.0,10.0,0,2012,2011.5
68966.0,63.0,2.0,4.0,5.397605346934028e-79,8.0,0,2012,2011.5
68972.0,60.0,2.0,2.0,2.07,5.0,0,2012,2011.5
68977.0,80.0,1.0,4.0,0.76,1.0,1,2012,2011.5
68981.0,80.0,2.0,3.0,5.0,6.0,0,2012,2011.5
68983.0,67.0,1.0,2.0,2.75,9.0,0,2012,2011.5
68988.0,72.0,1.0,4.0,0.73,5.397605346934028e-79,1,2012,2011.5
68995.0,75.0,1.0,3.0,5.0,8.0,0,2012,2011.5
69001.0,68.0,1.0,4.0,1.57,5.0,0,2012,2011.5
69005.0,77.0,2.0,3.0,5.0,9.0,0,2012,2011.5
69010.0,80.0,2.0,4.0,1.48,7.0,0,2012,2011.5
69014.0,78.0,1.0,3.0,4.3,4.0,1,2012,2011.5
69024.0,65.0,1.0,4.0,1.34,4.0,1,2012,2011.5
69025.0,60.0,1.0,1.0,0.68,5.0,0,2012,2011.5
69035.0,68.0,1.0,3.0,5.0,8.0,0,2012,2011.5
69036.0,76.0,1.0,4.0,,2.0,1,2012,2011.5
69045.0,65.0,2.0,2.0,3.3,7.0,0,2012,2011.5
69047.0,61.0,2.0,3.0,5.0,7.0,0,2012,2011.5
69066.0,74.0,1.0,3.0,3.97,6.0,0,2012,2011.5
69088.0,67.0,2.0,2.0,0.99,3.0,1,2012,2011.5
69102.0,61.0,2.0,2.0,0.89,6.0,0,2012,2011.5
69115.0,79.0,1.0,4.0,1.02,5.0,0,2012,2011.5
69123.0,63.0,2.0,3.0,5.0,9.0,0,2012,2011.5
69140.0,80.0,1.0,3.0,2.64,3.0,1,2012,2011.5
69141.0,80.0,1.0,4.0,1.82,3.0,1,2012,2011.5
69142.0,72.0,1.0,3.0,5.0,6.0,0,2012,2011.5
69144.0,71.0,2.0,2.0,2.2,5.0,0,2012,2011.5
69149.0,62.0,1.0,4.0,3.54,4.0,1,2012,2011.5
69154.0,66.0,1.0,3.0,0.56,6.0,0,2012,2011.5
69162.0,72.0,1.0,2.0,5.397605346934028e-79,5.0,0,2012,2011.5
69164.0,80.0,2.0,3.0,3.8,1.0,1,2012,2011.5
69165.0,72.0,1.0,6.0,3.67,4.0,1,2012,2011.5
69166.0,60.0,1.0,4.0,5.0,8.0,0,2012,2011.5
69167.0,80.0,2.0,3.0,1.29,4.0,1,2012,2011.5
69168.0,75.0,1.0,4.0,5.0,5.397605346934028e-79,1,2012,2011.5
69172.0,65.0,2.0,1.0,2.75,7.0,0,2012,2011.5
69177.0,66.0,1.0,3.0,3.4,9.0,0,2012,2011.5
69199.0,60.0,1.0,6.0,,8.0,0,2012,2011.5
69203.0,66.0,2.0,4.0,4.92,6.0,0,2012,2011.5
69227.0,62.0,2.0,4.0,5.0,10.0,0,2012,2011.5
69247.0,80.0,2.0,7.0,0.83,5.0,0,2012,2011.5
69255.0,80.0,1.0,3.0,1.98,2.0,1,2012,2011.5
69263.0,73.0,1.0,1.0,0.59,5.397605346934028e-79,1,2012,2011.5
69264.0,69.0,1.0,4.0,5.0,3.0,1,2012,2011.5
69270.0,66.0,1.0,6.0,,6.0,0,2012,2011.5
69280.0,80.0,2.0,3.0,1.29,3.0,1,2012,2011.5
69283.0,73.0,2.0,4.0,0.32,6.0,0,2012,2011.5
69288.0,69.0,2.0,4.0,0.75,5.0,0,2012,2011.5
69299.0,72.0,1.0,4.0,,5.397605346934028e-79,1,2012,2011.5
69301.0,64.0,2.0,3.0,3.4,6.0,0,2012,2011.5
69323.0,63.0,1.0,4.0,,5.0,0,2012,2011.5
69328.0,71.0,2.0,6.0,4.23,5.0,0,2012,2011.5
69349.0,74.0,1.0,3.0,5.0,1.0,1,2012,2011.5
69356.0,62.0,2.0,4.0,1.08,6.0,0,2012,2011.5
69361.0,66.0,1.0,4.0,1.57,6.0,0,2012,2011.5
69366.0,73.0,2.0,3.0,5.0,4.0,1,2012,2011.5
69369.0,66.0,1.0,4.0,0.63,4.0,1,2012,2011.5
69390.0,62.0,1.0,3.0,3.97,9.0,0,2012,2011.5
69403.0,61.0,1.0,3.0,2.86,4.0,1,2012,2011.5
69411.0,75.0,1.0,3.0,2.72,4.0,1,2012,2011.5
69412.0,75.0,2.0,3.0,0.93,5.0,0,2012,2011.5
69418.0,71.0,1.0,3.0,5.0,4.0,1,2012,2011.5
69420.0,80.0,2.0,3.0,,9.0,0,2012,2011.5
69425.0,66.0,2.0,6.0,5.0,10.0,0,2012,2011.5
69431.0,79.0,2.0,4.0,4.35,6.0,0,2012,2011.5
69439.0,67.0,1.0,4.0,3.57,2.0,1,2012,2011.5
69451.0,67.0,1.0,4.0,,2.0,1,2012,2011.5
69457.0,80.0,1.0,3.0,0.68,5.397605346934028e-79,1,2012,2011.5
69458.0,60.0,1.0,3.0,2.31,5.0,0,2012,2011.5
69459.0,62.0,2.0,1.0,4.43,9.0,0,2012,2011.5
69471.0,72.0,2.0,3.0,5.0,7.0,0,2012,2011.5
69473.0,79.0,1.0,4.0,3.13,5.397605346934028e-79,1,2012,2011.5
69474.0,66.0,2.0,2.0,1.74,7.0,0,2012,2011.5
69486.0,67.0,2.0,4.0,4.66,7.0,0,2012,2011.5
69488.0,65.0,2.0,3.0,1.3,9.0,0,2012,2011.5
69489.0,62.0,2.0,6.0,5.0,7.0,0,2012,2011.5
69491.0,67.0,2.0,2.0,0.77,4.0,1,2012,2011.5
69505.0,60.0,1.0,3.0,1.47,8.0,0,2012,2011.5
69506.0,80.0,1.0,3.0,1.26,5.0,0,2012,2011.5
69509.0,62.0,1.0,2.0,1.02,3.0,1,2012,2011.5
69511.0,65.0,2.0,4.0,1.38,6.0,0,2012,2011.5
69515.0,63.0,1.0,4.0,3.55,7.0,0,2012,2011.5
69516.0,74.0,1.0,3.0,3.74,4.0,1,2012,2011.5
69524.0,61.0,2.0,4.0,,8.0,0,2012,2011.5
69528.0,80.0,1.0,1.0,4.56,7.0,0,2012,2011.5
69539.0,80.0,1.0,3.0,3.58,6.0,0,2012,2011.5
69547.0,73.0,1.0,4.0,2.97,5.0,0,2012,2011.5
69549.0,66.0,2.0,1.0,3.42,5.397605346934028e-79,1,2012,2011.5
69552.0,64.0,2.0,1.0,1.25,4.0,1,2012,2011.5
69553.0,70.0,2.0,2.0,,7.0,0,2012,2011.5
69566.0,80.0,1.0,2.0,,5.0,0,2012,2011.5
69587.0,77.0,1.0,6.0,3.64,5.0,0,2012,2011.5
69596.0,64.0,1.0,4.0,3.67,6.0,0,2012,2011.5
69600.0,65.0,1.0,4.0,4.34,2.0,1,2012,2011.5
69618.0,64.0,2.0,3.0,1.26,6.0,0,2012,2011.5
69624.0,67.0,1.0,6.0,,6.0,0,2012,2011.5
69631.0,80.0,1.0,3.0,2.3,2.0,1,2012,2011.5
69644.0,64.0,2.0,6.0,1.8,8.0,0,2012,2011.5
69645.0,71.0,2.0,3.0,,7.0,0,2012,2011.5
69648.0,80.0,1.0,3.0,5.0,4.0,1,2012,2011.5
69652.0,74.0,2.0,6.0,1.08,5.0,0,2012,2011.5
69655.0,80.0,2.0,3.0,0.72,1.0,1,2012,2011.5
69656.0,62.0,1.0,4.0,4.59,3.0,1,2012,2011.5
69658.0,73.0,1.0,4.0,5.0,9.0,0,2012,2011.5
69666.0,70.0,2.0,3.0,2.7,7.0,0,2012,2011.5
69667.0,63.0,2.0,3.0,3.4,8.0,0,2012,2011.5
69668.0,61.0,1.0,3.0,5.0,10.0,0,2012,2011.5
69669.0,66.0,2.0,4.0,5.0,6.0,0,2012,2011.5
69674.0,60.0,1.0,4.0,1.76,3.0,1,2012,2011.5
69682.0,67.0,1.0,2.0,1.02,6.0,0,2012,2011.5
69684.0,65.0,1.0,2.0,0.58,4.0,1,2012,2011.5
69695.0,80.0,1.0,4.0,1.54,5.0,0,2012,2011.5
69709.0,62.0,2.0,3.0,1.52,8.0,0,2012,2011.5
69716.0,63.0,2.0,3.0,2.6,9.0,0,2012,2011.5
69730.0,70.0,2.0,4.0,1.88,2.0,1,2012,2011.5
69740.0,66.0,2.0,3.0,5.0,7.0,0,2012,2011.5
69752.0,79.0,2.0,3.0,1.75,6.0,0,2012,2011.5
69753.0,63.0,2.0,1.0,1.41,7.0,0,2012,2011.5
69754.0,80.0,1.0,4.0,,6.0,0,2012,2011.5
69755.0,65.0,2.0,3.0,5.0,8.0,0,2012,2011.5
69765.0,65.0,2.0,2.0,0.52,5.0,0,2012,2011.5
69777.0,60.0,2.0,1.0,2.58,8.0,0,2012,2011.5
69783.0,66.0,2.0,6.0,0.55,7.0,0,2012,2011.5
69784.0,69.0,1.0,4.0,0.64,2.0,1,2012,2011.5
69785.0,80.0,2.0,3.0,1.08,4.0,1,2012,2011.5
69806.0,75.0,1.0,7.0,1.62,8.0,0,2012,2011.5
69807.0,61.0,2.0,4.0,4.06,7.0,0,2012,2011.5
69812.0,80.0,2.0,3.0,4.27,7.0,0,2012,2011.5
69815.0,70.0,2.0,4.0,2.72,6.0,0,2012,2011.5
69821.0,66.0,2.0,4.0,0.14,6.0,0,2012,2011.5
69822.0,64.0,1.0,6.0,0.45,4.0,1,2012,2011.5
69824.0,64.0,1.0,6.0,1.07,7.0,0,2012,2011.5
69831.0,80.0,2.0,6.0,0.88,4.0,1,2012,2011.5
69832.0,61.0,1.0,4.0,3.31,7.0,0,2012,2011.5
69833.0,73.0,2.0,3.0,,5.0,0,2012,2011.5
69840.0,67.0,1.0,4.0,1.5,6.0,0,2012,2011.5
69847.0,80.0,1.0,6.0,5.0,3.0,1,2012,2011.5
69848.0,70.0,1.0,4.0,0.98,6.0,0,2012,2011.5
69849.0,70.0,1.0,4.0,1.84,5.0,0,2012,2011.5
69852.0,80.0,2.0,3.0,1.47,5.0,0,2012,2011.5
69854.0,65.0,1.0,7.0,4.76,6.0,0,2012,2011.5
69858.0,65.0,1.0,4.0,4.21,3.0,1,2012,2011.5
69870.0,68.0,1.0,3.0,5.0,6.0,0,2012,2011.5
69891.0,79.0,1.0,4.0,4.76,6.0,0,2012,2011.5
69892.0,63.0,2.0,4.0,1.34,7.0,0,2012,2011.5
69898.0,71.0,1.0,3.0,2.04,6.0,0,2012,2011.5
69913.0,64.0,2.0,6.0,1.12,3.0,1,2012,2011.5
69921.0,75.0,1.0,4.0,2.39,6.0,0,2012,2011.5
69925.0,80.0,2.0,1.0,1.3,4.0,1,2012,2011.5
69928.0,63.0,2.0,4.0,0.36,5.0,0,2012,2011.5
69940.0,61.0,1.0,2.0,5.0,8.0,0,2012,2011.5
69962.0,69.0,1.0,1.0,1.09,3.0,1,2012,2011.5
69964.0,75.0,2.0,7.0,1.65,8.0,0,2012,2011.5
69972.0,79.0,1.0,3.0,5.0,3.0,1,2012,2011.5
69975.0,80.0,2.0,3.0,5.0,7.0,0,2012,2011.5
69976.0,61.0,1.0,2.0,,5.0,0,2012,2011.5
69981.0,62.0,1.0,3.0,1.29,7.0,0,2012,2011.5
69989.0,75.0,2.0,2.0,1.02,5.397605346934028e-79,1,2012,2011.5
70005.0,80.0,1.0,3.0,1.05,5.397605346934028e-79,1,2012,2011.5
70013.0,70.0,1.0,4.0,5.0,8.0,0,2012,2011.5
70016.0,72.0,2.0,3.0,5.0,5.0,0,2012,2011.5
70031.0,63.0,2.0,4.0,3.31,7.0,0,2012,2011.5
70032.0,80.0,1.0,6.0,,6.0,0,2012,2011.5
70035.0,65.0,2.0,3.0,5.0,3.0,1,2012,2011.5
70059.0,74.0,2.0,3.0,1.27,9.0,0,2012,2011.5
70061.0,65.0,1.0,4.0,0.83,5.0,0,2012,2011.5
70062.0,75.0,2.0,3.0,5.0,2.0,1,2012,2011.5
70084.0,66.0,1.0,4.0,0.68,5.0,0,2012,2011.5
70096.0,77.0,2.0,3.0,1.97,5.0,0,2012,2011.5
70102.0,68.0,1.0,3.0,2.24,9.0,0,2012,2011.5
70118.0,80.0,2.0,3.0,1.84,5.0,0,2012,2011.5
70120.0,70.0,2.0,3.0,3.4,7.0,0,2012,2011.5
70132.0,62.0,1.0,4.0,4.23,3.0,1,2012,2011.5
70142.0,69.0,2.0,3.0,4.92,8.0,0,2012,2011.5
70151.0,80.0,2.0,3.0,2.69,6.0,0,2012,2011.5
70156.0,80.0,2.0,3.0,4.3,4.0,1,2012,2011.5
70160.0,61.0,2.0,2.0,1.7,6.0,0,2012,2011.5
70168.0,73.0,1.0,3.0,5.0,2.0,1,2012,2011.5
70175.0,62.0,2.0,4.0,2.31,7.0,0,2012,2011.5
70195.0,79.0,1.0,4.0,2.15,7.0,0,2012,2011.5
70198.0,62.0,2.0,4.0,5.0,4.0,1,2012,2011.5
70211.0,80.0,2.0,3.0,1.9,4.0,1,2012,2011.5
70219.0,69.0,2.0,7.0,0.96,4.0,1,2012,2011.5
70222.0,60.0,1.0,3.0,5.0,6.0,0,2012,2011.5
70226.0,70.0,2.0,4.0,1.18,8.0,0,2012,2011.5
70228.0,67.0,1.0,4.0,0.82,6.0,0,2012,2011.5
70235.0,61.0,1.0,2.0,1.01,4.0,1,2012,2011.5
70236.0,63.0,2.0,4.0,5.0,8.0,0,2012,2011.5
70244.0,80.0,1.0,3.0,,3.0,1,2012,2011.5
70246.0,72.0,2.0,4.0,2.7,3.0,1,2012,2011.5
70248.0,67.0,2.0,2.0,0.66,7.0,0,2012,2011.5
70266.0,62.0,2.0,4.0,5.0,9.0,0,2012,2011.5
70274.0,80.0,2.0,3.0,1.24,1.0,1,2012,2011.5
70290.0,60.0,1.0,4.0,3.14,7.0,0,2012,2011.5
70294.0,60.0,1.0,4.0,5.0,4.0,1,2012,2011.5
70297.0,73.0,1.0,3.0,2.51,5.0,0,2012,2011.5
70304.0,65.0,2.0,3.0,3.49,6.0,0,2012,2011.5
70312.0,73.0,2.0,2.0,0.73,2.0,1,2012,2011.5
70321.0,63.0,1.0,2.0,1.84,6.0,0,2012,2011.5
70327.0,62.0,2.0,2.0,5.0,7.0,0,2012,2011.5
70329.0,60.0,2.0,2.0,0.46,6.0,0,2012,2011.5
70330.0,77.0,1.0,6.0,1.33,3.0,1,2012,2011.5
70332.0,80.0,1.0,3.0,1.29,7.0,0,2012,2011.5
70336.0,74.0,2.0,1.0,1.62,2.0,1,2012,2011.5
70341.0,62.0,1.0,6.0,5.0,6.0,0,2012,2011.5
70347.0,70.0,1.0,4.0,5.0,3.0,1,2012,2011.5
70351.0,80.0,2.0,3.0,2.24,5.0,0,2012,2011.5
70355.0,65.0,1.0,6.0,1.33,9.0,0,2012,2011.5
70359.0,80.0,1.0,3.0,5.0,4.0,1,2012,2011.5
70362.0,61.0,2.0,4.0,1.96,9.0,0,2012,2011.5
70363.0,62.0,2.0,3.0,5.0,8.0,0,2012,2011.5
70372.0,61.0,1.0,1.0,,3.0,1,2012,2011.5
70387.0,60.0,2.0,1.0,3.67,6.0,0,2012,2011.5
70402.0,80.0,1.0,3.0,1.32,5.0,0,2012,2011.5
70405.0,61.0,2.0,3.0,5.0,10.0,0,2012,2011.5
70415.0,80.0,2.0,3.0,,4.0,1,2012,2011.5
70425.0,77.0,1.0,3.0,3.3,4.0,1,2012,2011.5
70426.0,66.0,1.0,1.0,1.85,7.0,0,2012,2011.5
70445.0,71.0,2.0,3.0,,5.0,0,2012,2011.5
70455.0,69.0,1.0,4.0,0.84,2.0,1,2012,2011.5
70464.0,60.0,2.0,4.0,1.65,9.0,0,2012,2011.5
70480.0,60.0,2.0,3.0,5.0,9.0,0,2012,2011.5
70495.0,68.0,1.0,3.0,0.86,7.0,0,2012,2011.5
70498.0,63.0,2.0,3.0,4.89,7.0,0,2012,2011.5
70502.0,71.0,1.0,3.0,5.0,8.0,0,2012,2011.5
70507.0,80.0,2.0,2.0,2.69,6.0,0,2012,2011.5
70520.0,67.0,1.0,1.0,1.36,7.0,0,2012,2011.5
70525.0,63.0,1.0,4.0,0.71,9.0,0,2012,2011.5
70527.0,63.0,1.0,1.0,1.89,3.0,1,2012,2011.5
70544.0,77.0,1.0,4.0,1.34,5.0,0,2012,2011.5
70550.0,76.0,1.0,4.0,5.0,4.0,1,2012,2011.5
70564.0,80.0,1.0,3.0,1.03,7.0,0,2012,2011.5
70565.0,76.0,2.0,6.0,3.58,8.0,0,2012,2011.5
70567.0,80.0,1.0,3.0,,2.0,1,2012,2011.5
70568.0,67.0,1.0,4.0,,4.0,1,2012,2011.5
70575.0,69.0,2.0,3.0,4.92,9.0,0,2012,2011.5
70577.0,80.0,2.0,6.0,,5.397605346934028e-79,1,2012,2011.5
70581.0,63.0,2.0,3.0,2.86,7.0,0,2012,2011.5
70593.0,80.0,1.0,4.0,1.84,4.0,1,2012,2011.5
70628.0,80.0,2.0,3.0,3.22,6.0,0,2012,2011.5
70635.0,68.0,2.0,3.0,,6.0,0,2012,2011.5
70641.0,63.0,1.0,4.0,0.75,3.0,1,2012,2011.5
70646.0,80.0,2.0,3.0,5.0,9.0,0,2012,2011.5
70649.0,63.0,1.0,2.0,4.56,6.0,0,2012,2011.5
70661.0,65.0,2.0,2.0,5.0,8.0,0,2012,2011.5
70664.0,70.0,2.0,3.0,1.16,8.0,0,2012,2011.5
70675.0,65.0,1.0,6.0,5.0,4.0,1,2012,2011.5
70676.0,75.0,2.0,3.0,4.69,8.0,0,2012,2011.5
70681.0,61.0,1.0,3.0,5.0,4.0,1,2012,2011.5
70715.0,79.0,2.0,3.0,5.0,4.0,1,2012,2011.5
70717.0,70.0,2.0,4.0,2.04,6.0,0,2012,2011.5
70718.0,75.0,1.0,3.0,1.43,7.0,0,2012,2011.5
70721.0,79.0,2.0,2.0,3.64,5.0,0,2012,2011.5
70725.0,60.0,2.0,4.0,3.93,8.0,0,2012,2011.5
70729.0,80.0,1.0,7.0,2.55,5.0,0,2012,2011.5
70733.0,80.0,2.0,4.0,0.92,4.0,1,2012,2011.5
70735.0,80.0,2.0,4.0,1.1,6.0,0,2012,2011.5
70739.0,63.0,1.0,3.0,0.71,5.0,0,2012,2011.5
70763.0,80.0,2.0,3.0,1.88,4.0,1,2012,2011.5
70765.0,67.0,2.0,3.0,2.04,8.0,0,2012,2011.5
70772.0,71.0,1.0,3.0,5.0,6.0,0,2012,2011.5
70775.0,60.0,1.0,2.0,,6.0,0,2012,2011.5
70776.0,60.0,1.0,6.0,3.82,8.0,0,2012,2011.5
70779.0,80.0,1.0,3.0,1.82,4.0,1,2012,2011.5
70782.0,64.0,1.0,3.0,5.0,5.0,0,2012,2011.5
70786.0,60.0,1.0,3.0,5.0,5.0,0,2012,2011.5
70787.0,64.0,2.0,3.0,2.86,8.0,0,2012,2011.5
70793.0,66.0,1.0,3.0,4.35,7.0,0,2012,2011.5
70794.0,66.0,2.0,4.0,0.68,6.0,0,2012,2011.5
70808.0,77.0,1.0,4.0,5.0,6.0,0,2012,2011.5
70821.0,63.0,1.0,3.0,5.0,7.0,0,2012,2011.5
70826.0,60.0,1.0,1.0,2.97,7.0,0,2012,2011.5
70835.0,62.0,1.0,3.0,0.81,10.0,0,2012,2011.5
70837.0,60.0,1.0,1.0,0.89,5.0,0,2012,2011.5
70848.0,80.0,1.0,4.0,0.9,5.397605346934028e-79,1,2012,2011.5
70862.0,75.0,1.0,6.0,0.99,5.0,0,2012,2011.5
70863.0,77.0,2.0,6.0,0.87,6.0,0,2012,2011.5
70874.0,73.0,1.0,4.0,1.52,9.0,0,2012,2011.5
70894.0,70.0,1.0,3.0,3.4,5.0,0,2012,2011.5
70895.0,75.0,2.0,3.0,0.55,5.0,0,2012,2011.5
70898.0,71.0,1.0,2.0,,8.0,0,2012,2011.5
70899.0,66.0,2.0,3.0,5.0,5.397605346934028e-79,1,2012,2011.5
70912.0,67.0,1.0,2.0,5.0,5.0,0,2012,2011.5
70916.0,78.0,2.0,2.0,0.92,3.0,1,2012,2011.5
70949.0,68.0,2.0,3.0,5.0,9.0,0,2012,2011.5
70954.0,61.0,1.0,3.0,2.2,5.0,0,2012,2011.5
70961.0,74.0,2.0,3.0,5.0,8.0,0,2012,2011.5
70972.0,61.0,1.0,4.0,,6.0,0,2012,2011.5
70984.0,73.0,1.0,3.0,5.0,5.397605346934028e-79,1,2012,2011.5
70997.0,62.0,2.0,2.0,0.83,9.0,0,2012,2011.5
71004.0,62.0,2.0,4.0,0.13,8.0,0,2012,2011.5
71005.0,64.0,2.0,4.0,3.14,7.0,0,2012,2011.5
71020.0,80.0,2.0,3.0,1.01,3.0,1,2012,2011.5
71021.0,64.0,1.0,6.0,1.29,5.0,0,2012,2011.5
71025.0,61.0,1.0,4.0,0.28,6.0,0,2012,2011.5
71038.0,60.0,1.0,2.0,0.27,6.0,0,2012,2011.5
71040.0,63.0,1.0,3.0,1.22,6.0,0,2012,2011.5
71053.0,61.0,2.0,4.0,5.0,10.0,0,2012,2011.5
71057.0,62.0,2.0,4.0,,7.0,0,2012,2011.5
71066.0,71.0,2.0,2.0,2.66,6.0,0,2012,2011.5
71069.0,62.0,2.0,3.0,1.75,5.0,0,2012,2011.5
71076.0,63.0,2.0,7.0,3.93,8.0,0,2012,2011.5
71083.0,62.0,2.0,4.0,5.0,7.0,0,2012,2011.5
71087.0,65.0,2.0,1.0,0.48,4.0,1,2012,2011.5
71099.0,80.0,2.0,3.0,5.0,6.0,0,2012,2011.5
71100.0,80.0,2.0,6.0,4.07,6.0,0,2012,2011.5
71105.0,66.0,2.0,2.0,2.43,5.0,0,2012,2011.5
71111.0,75.0,2.0,3.0,0.62,8.0,0,2012,2011.5
71120.0,69.0,1.0,3.0,0.88,7.0,0,2012,2011.5
71122.0,63.0,1.0,3.0,5.0,7.0,0,2012,2011.5
71127.0,70.0,2.0,3.0,5.0,7.0,0,2012,2011.5
71132.0,68.0,2.0,3.0,4.3,6.0,0,2012,2011.5
71141.0,78.0,2.0,4.0,2.51,5.0,0,2012,2011.5
71152.0,80.0,1.0,2.0,4.59,5.397605346934028e-79,1,2012,2011.5
71169.0,62.0,1.0,3.0,3.78,7.0,0,2012,2011.5
71171.0,61.0,2.0,4.0,1.65,5.0,0,2012,2011.5
71175.0,73.0,1.0,2.0,3.97,5.0,0,2012,2011.5
71184.0,64.0,1.0,6.0,5.0,5.0,0,2012,2011.5
71187.0,63.0,2.0,1.0,0.72,5.0,0,2012,2011.5
71194.0,61.0,2.0,7.0,0.85,7.0,0,2012,2011.5
71202.0,80.0,2.0,3.0,2.64,5.0,0,2012,2011.5
71203.0,63.0,2.0,6.0,4.96,9.0,0,2012,2011.5
71212.0,65.0,2.0,3.0,1.24,6.0,0,2012,2011.5
71215.0,60.0,1.0,3.0,,4.0,1,2012,2011.5
71219.0,60.0,1.0,4.0,1.13,7.0,0,2012,2011.5
71224.0,68.0,2.0,3.0,1.26,10.0,0,2012,2011.5
71240.0,80.0,1.0,3.0,0.69,7.0,0,2012,2011.5
71244.0,64.0,2.0,3.0,5.0,7.0,0,2012,2011.5
71245.0,62.0,1.0,6.0,2.6,7.0,0,2012,2011.5
71266.0,68.0,2.0,3.0,5.0,9.0,0,2012,2011.5
71278.0,69.0,1.0,4.0,,5.0,0,2012,2011.5
71284.0,64.0,2.0,4.0,0.67,8.0,0,2012,2011.5
71288.0,68.0,1.0,3.0,5.0,7.0,0,2012,2011.5
71308.0,69.0,2.0,6.0,1.33,7.0,0,2012,2011.5
71310.0,67.0,2.0,4.0,2.04,5.397605346934028e-79,1,2012,2011.5
71311.0,80.0,2.0,2.0,2.17,3.0,1,2012,2011.5
71334.0,80.0,1.0,3.0,1.9,3.0,1,2012,2011.5
71339.0,69.0,2.0,3.0,1.2,7.0,0,2012,2011.5
71342.0,80.0,1.0,3.0,2.64,3.0,1,2012,2011.5
71344.0,65.0,1.0,3.0,1.0,6.0,0,2012,2011.5
71346.0,74.0,2.0,3.0,5.0,7.0,0,2012,2011.5
71353.0,76.0,2.0,3.0,1.29,8.0,0,2012,2011.5
71356.0,63.0,1.0,3.0,2.6,5.0,0,2012,2011.5
71375.0,73.0,1.0,3.0,1.98,2.0,1,2012,2011.5
71379.0,60.0,2.0,3.0,0.83,8.0,0,2012,2011.5
71405.0,63.0,1.0,4.0,1.77,4.0,1,2012,2011.5
71417.0,64.0,1.0,4.0,2.04,6.0,0,2012,2011.5
71430.0,65.0,2.0,4.0,1.61,7.0,0,2012,2011.5
71436.0,60.0,2.0,4.0,4.13,8.0,0,2012,2011.5
71438.0,70.0,2.0,4.0,,2.0,1,2012,2011.5
71455.0,70.0,1.0,3.0,1.16,7.0,0,2012,2011.5
71477.0,80.0,2.0,4.0,,5.397605346934028e-79,1,2012,2011.5
71483.0,80.0,2.0,3.0,2.45,6.0,0,2012,2011.5
71496.0,65.0,1.0,2.0,1.07,6.0,0,2012,2011.5
71497.0,71.0,2.0,3.0,0.55,4.0,1,2012,2011.5
71509.0,60.0,2.0,6.0,,8.0,0,2012,2011.5
71510.0,80.0,2.0,3.0,1.05,1.0,1,2012,2011.5
71511.0,64.0,1.0,6.0,,6.0,0,2012,2011.5
71522.0,63.0,2.0,3.0,1.1,7.0,0,2012,2011.5
71525.0,70.0,2.0,3.0,1.98,4.0,1,2012,2011.5
71530.0,68.0,1.0,1.0,,6.0,0,2012,2011.5
71534.0,76.0,1.0,3.0,2.04,8.0,0,2012,2011.5
71542.0,67.0,2.0,3.0,5.0,8.0,0,2012,2011.5
71549.0,80.0,1.0,4.0,1.88,5.397605346934028e-79,1,2012,2011.5
71552.0,65.0,1.0,2.0,1.02,5.0,0,2012,2011.5
71555.0,60.0,1.0,2.0,1.65,6.0,0,2012,2011.5
71560.0,80.0,1.0,3.0,1.45,4.0,1,2012,2011.5
71571.0,60.0,1.0,4.0,5.0,6.0,0,2012,2011.5
71575.0,66.0,2.0,4.0,0.76,7.0,0,2012,2011.5
71613.0,75.0,1.0,4.0,4.08,3.0,1,2012,2011.5
71620.0,65.0,1.0,6.0,,4.0,1,2012,2011.5
71622.0,80.0,1.0,3.0,1.63,2.0,1,2012,2011.5
71633.0,64.0,2.0,6.0,0.4,5.397605346934028e-79,1,2012,2011.5
71644.0,80.0,2.0,3.0,2.68,5.397605346934028e-79,1,2012,2011.5
71647.0,80.0,2.0,4.0,5.0,6.0,0,2012,2011.5
71650.0,60.0,1.0,4.0,1.3,8.0,0,2012,2011.5
71655.0,65.0,1.0,4.0,,4.0,1,2012,2011.5
71662.0,74.0,1.0,3.0,3.8,5.0,0,2012,2011.5
71666.0,61.0,1.0,4.0,0.36,8.0,0,2012,2011.5
71671.0,65.0,1.0,3.0,2.89,5.0,0,2012,2011.5
71675.0,73.0,2.0,3.0,2.92,9.0,0,2012,2011.5
71676.0,80.0,1.0,3.0,3.48,3.0,1,2012,2011.5
71678.0,70.0,2.0,3.0,5.0,4.0,1,2012,2011.5
71682.0,69.0,1.0,4.0,1.56,4.0,1,2012,2011.5
71691.0,76.0,2.0,3.0,4.3,3.0,1,2012,2011.5
71697.0,74.0,1.0,3.0,1.16,2.0,1,2012,2011.5
71702.0,70.0,2.0,4.0,,6.0,0,2012,2011.5
71704.0,77.0,1.0,3.0,1.12,5.0,0,2012,2011.5
71705.0,67.0,1.0,1.0,0.95,4.0,1,2012,2011.5
71708.0,64.0,1.0,4.0,1.88,4.0,1,2012,2011.5
71710.0,68.0,1.0,4.0,5.0,6.0,0,2012,2011.5
71714.0,80.0,1.0,3.0,1.98,4.0,1,2012,2011.5
71728.0,61.0,2.0,2.0,5.0,7.0,0,2012,2011.5
71732.0,63.0,1.0,1.0,1.07,3.0,1,2012,2011.5
71733.0,80.0,1.0,3.0,1.33,2.0,1,2012,2011.5
71735.0,67.0,2.0,2.0,1.34,4.0,1,2012,2011.5
71736.0,74.0,1.0,3.0,5.0,5.397605346934028e-79,1,2012,2011.5
71739.0,80.0,1.0,3.0,1.02,6.0,0,2012,2011.5
71741.0,63.0,1.0,2.0,0.9,6.0,0,2012,2011.5
71750.0,80.0,2.0,3.0,1.12,7.0,0,2012,2011.5
71753.0,80.0,2.0,3.0,5.0,5.0,0,2012,2011.5
71756.0,63.0,1.0,3.0,3.97,5.0,0,2012,2011.5
71760.0,60.0,2.0,4.0,2.36,5.0,0,2012,2011.5
71770.0,64.0,2.0,4.0,0.75,4.0,1,2012,2011.5
71775.0,62.0,1.0,3.0,1.52,5.0,0,2012,2011.5
71777.0,77.0,2.0,4.0,0.87,1.0,1,2012,2011.5
71785.0,64.0,1.0,4.0,,5.0,0,2012,2011.5
71798.0,61.0,1.0,4.0,5.0,5.0,0,2012,2011.5
71826.0,77.0,2.0,3.0,0.04,5.0,0,2012,2011.5
71836.0,65.0,1.0,4.0,5.0,7.0,0,2012,2011.5
71846.0,72.0,1.0,3.0,,6.0,0,2012,2011.5
71855.0,62.0,2.0,3.0,0.98,7.0,0,2012,2011.5
71861.0,68.0,2.0,4.0,1.07,8.0,0,2012,2011.5
71869.0,69.0,1.0,3.0,2.7,3.0,1,2012,2011.5
71872.0,77.0,1.0,4.0,1.77,1.0,1,2012,2011.5
71877.0,72.0,1.0,2.0,,6.0,0,2012,2011.5
71882.0,60.0,2.0,4.0,0.75,8.0,0,2012,2011.5
71886.0,61.0,1.0,4.0,2.28,4.0,1,2012,2011.5
71887.0,68.0,2.0,2.0,1.12,7.0,0,2012,2011.5
71888.0,67.0,2.0,4.0,0.31,3.0,1,2012,2011.5
71897.0,68.0,2.0,4.0,,9.0,0,2012,2011.5
71898.0,65.0,2.0,1.0,3.97,7.0,0,2012,2011.5
71902.0,67.0,2.0,6.0,3.4,7.0,0,2012,2011.5
71907.0,80.0,1.0,3.0,4.08,6.0,0,2012,2011.5
71908.0,66.0,2.0,3.0,4.55,8.0,0,2012,2011.5
71915.0,60.0,1.0,3.0,5.0,8.0,0,2012,2011.5
73557.0,69.0,1.0,4.0,0.84,7.0,0,2014,2013.5
73559.0,72.0,1.0,3.0,4.51,6.0,0,2014,2013.5
73561.0,73.0,2.0,3.0,5.0,10.0,0,2014,2013.5
73564.0,61.0,2.0,3.0,5.0,7.0,0,2014,2013.5
73567.0,65.0,1.0,3.0,1.2,10.0,0,2014,2013.5
73571.0,76.0,1.0,3.0,5.0,7.0,0,2014,2013.5
73604.0,69.0,2.0,3.0,2.44,9.0,0,2014,2013.5
73607.0,75.0,1.0,3.0,1.08,8.0,0,2014,2013.5
73613.0,60.0,2.0,4.0,5.0,7.0,0,2014,2013.5
73615.0,65.0,2.0,2.0,1.22,5.0,0,2014,2013.5
73616.0,62.0,2.0,3.0,5.0,10.0,0,2014,2013.5
73621.0,80.0,1.0,3.0,5.0,8.0,0,2014,2013.5
73622.0,72.0,1.0,3.0,5.0,8.0,0,2014,2013.5
73626.0,72.0,2.0,4.0,0.78,7.0,0,2014,2013.5
73628.0,80.0,1.0,3.0,3.0,5.0,0,2014,2013.5
73638.0,63.0,2.0,7.0,2.18,7.0,0,2014,2013.5
73639.0,71.0,1.0,3.0,1.45,3.0,1,2014,2013.5
73640.0,67.0,2.0,4.0,2.23,7.0,0,2014,2013.5
73643.0,62.0,1.0,6.0,5.397605346934028e-79,4.0,1,2014,2013.5
73647.0,61.0,2.0,2.0,3.53,9.0,0,2014,2013.5
73659.0,70.0,2.0,3.0,1.93,7.0,0,2014,2013.5
73666.0,70.0,1.0,6.0,3.81,4.0,1,2014,2013.5
73670.0,71.0,2.0,1.0,0.87,5.0,0,2014,2013.5
73672.0,73.0,1.0,3.0,5.0,8.0,0,2014,2013.5
73677.0,61.0,2.0,4.0,5.0,10.0,0,2014,2013.5
73684.0,64.0,1.0,6.0,5.0,5.0,0,2014,2013.5
73690.0,77.0,2.0,3.0,3.09,8.0,0,2014,2013.5
73692.0,65.0,1.0,2.0,1.61,3.0,1,2014,2013.5
73693.0,78.0,2.0,3.0,0.78,5.0,0,2014,2013.5
73694.0,66.0,2.0,3.0,4.51,5.397605346934028e-79,1,2014,2013.5
73708.0,69.0,1.0,1.0,5.0,8.0,0,2014,2013.5
73717.0,78.0,1.0,4.0,1.89,7.0,0,2014,2013.5
73722.0,80.0,2.0,4.0,3.31,9.0,0,2014,2013.5
73723.0,77.0,1.0,3.0,5.0,5.0,0,2014,2013.5
73725.0,80.0,2.0,3.0,3.05,5.397605346934028e-79,1,2014,2013.5
73726.0,67.0,2.0,1.0,1.34,6.0,0,2014,2013.5
73732.0,80.0,1.0,3.0,3.18,4.0,1,2014,2013.5
73746.0,64.0,2.0,3.0,1.22,6.0,0,2014,2013.5
73747.0,80.0,2.0,2.0,5.0,5.397605346934028e-79,1,2014,2013.5
73751.0,61.0,2.0,3.0,0.64,5.0,0,2014,2013.5
73755.0,75.0,1.0,1.0,1.63,3.0,1,2014,2013.5
73760.0,64.0,1.0,3.0,1.27,6.0,0,2014,2013.5
73766.0,75.0,2.0,3.0,1.75,7.0,0,2014,2013.5
73774.0,80.0,2.0,4.0,,6.0,0,2014,2013.5
73778.0,62.0,1.0,1.0,2.08,5.0,0,2014,2013.5
73779.0,62.0,1.0,3.0,0.04,7.0,0,2014,2013.5
73780.0,78.0,1.0,3.0,,5.0,0,2014,2013.5
73782.0,68.0,1.0,3.0,1.08,5.0,0,2014,2013.5
73787.0,71.0,1.0,4.0,3.07,3.0,1,2014,2013.5
73792.0,68.0,2.0,3.0,5.0,2.0,1,2014,2013.5
73806.0,63.0,1.0,4.0,5.0,7.0,0,2014,2013.5
73811.0,64.0,1.0,3.0,1.32,9.0,0,2014,2013.5
73815.0,72.0,2.0,4.0,3.22,6.0,0,2014,2013.5
73816.0,64.0,1.0,2.0,1.54,4.0,1,2014,2013.5
73825.0,64.0,2.0,6.0,5.0,8.0,0,2014,2013.5
73834.0,64.0,1.0,6.0,,10.0,0,2014,2013.5
73839.0,68.0,1.0,3.0,2.53,9.0,0,2014,2013.5
73840.0,77.0,2.0,3.0,1.89,9.0,0,2014,2013.5
73845.0,70.0,2.0,3.0,1.65,10.0,0,2014,2013.5
73848.0,65.0,2.0,3.0,1.03,5.0,0,2014,2013.5
73861.0,77.0,1.0,3.0,5.0,8.0,0,2014,2013.5
73862.0,61.0,2.0,3.0,1.28,3.0,1,2014,2013.5
73864.0,62.0,2.0,3.0,1.21,10.0,0,2014,2013.5
73873.0,80.0,1.0,6.0,2.26,2.0,1,2014,2013.5
73883.0,67.0,1.0,1.0,0.19,4.0,1,2014,2013.5
73886.0,64.0,2.0,2.0,5.0,9.0,0,2014,2013.5
73900.0,66.0,1.0,3.0,5.0,6.0,0,2014,2013.5
73908.0,67.0,1.0,3.0,3.22,5.0,0,2014,2013.5
73919.0,61.0,1.0,4.0,5.397605346934028e-79,4.0,1,2014,2013.5
73921.0,80.0,2.0,3.0,1.06,5.0,0,2014,2013.5
73922.0,75.0,2.0,3.0,1.37,8.0,0,2014,2013.5
73925.0,60.0,1.0,2.0,0.83,10.0,0,2014,2013.5
73926.0,64.0,1.0,1.0,3.33,3.0,1,2014,2013.5
73930.0,70.0,2.0,4.0,5.0,8.0,0,2014,2013.5
73935.0,63.0,1.0,2.0,,6.0,0,2014,2013.5
73945.0,66.0,1.0,3.0,1.74,6.0,0,2014,2013.5
73973.0,75.0,2.0,4.0,4.11,4.0,1,2014,2013.5
73975.0,64.0,2.0,3.0,1.02,10.0,0,2014,2013.5
73979.0,61.0,2.0,3.0,5.0,10.0,0,2014,2013.5
73999.0,66.0,1.0,3.0,5.0,10.0,0,2014,2013.5
74002.0,63.0,1.0,4.0,4.04,10.0,0,2014,2013.5
74003.0,68.0,2.0,4.0,0.77,4.0,1,2014,2013.5
74007.0,71.0,2.0,3.0,2.58,6.0,0,2014,2013.5
74012.0,68.0,2.0,1.0,1.27,6.0,0,2014,2013.5
74014.0,60.0,1.0,1.0,,5.0,0,2014,2013.5
74033.0,80.0,1.0,3.0,5.0,5.0,0,2014,2013.5
74041.0,60.0,1.0,1.0,,6.0,0,2014,2013.5
74044.0,73.0,1.0,3.0,0.86,5.0,0,2014,2013.5
74048.0,80.0,1.0,3.0,1.78,4.0,1,2014,2013.5
74049.0,62.0,2.0,4.0,2.29,3.0,1,2014,2013.5
74057.0,63.0,2.0,4.0,2.19,4.0,1,2014,2013.5
74058.0,60.0,2.0,4.0,1.15,5.397605346934028e-79,1,2014,2013.5
74065.0,71.0,2.0,3.0,3.92,5.0,0,2014,2013.5
74072.0,63.0,1.0,4.0,1.29,8.0,0,2014,2013.5
74078.0,63.0,1.0,3.0,5.0,8.0,0,2014,2013.5
74081.0,80.0,1.0,3.0,1.39,4.0,1,2014,2013.5
74083.0,67.0,2.0,4.0,2.57,4.0,1,2014,2013.5
74085.0,80.0,2.0,3.0,1.18,9.0,0,2014,2013.5
74090.0,80.0,2.0,3.0,2.14,2.0,1,2014,2013.5
74100.0,69.0,1.0,4.0,1.67,3.0,1,2014,2013.5
74110.0,60.0,1.0,2.0,1.12,4.0,1,2014,2013.5
74111.0,61.0,2.0,6.0,5.0,5.0,0,2014,2013.5
74120.0,80.0,1.0,3.0,1.27,3.0,1,2014,2013.5
74122.0,71.0,2.0,3.0,2.26,5.0,0,2014,2013.5
74128.0,71.0,2.0,4.0,1.5,1.0,1,2014,2013.5
74132.0,62.0,2.0,4.0,3.54,8.0,0,2014,2013.5
74138.0,69.0,1.0,1.0,1.64,6.0,0,2014,2013.5
74139.0,63.0,2.0,6.0,5.397605346934028e-79,7.0,0,2014,2013.5
74141.0,71.0,2.0,3.0,5.0,7.0,0,2014,2013.5
74142.0,61.0,1.0,4.0,1.92,8.0,0,2014,2013.5
74147.0,79.0,2.0,3.0,0.97,7.0,0,2014,2013.5
74152.0,74.0,2.0,4.0,0.85,3.0,1,2014,2013.5
74160.0,66.0,2.0,2.0,3.4,8.0,0,2014,2013.5
74180.0,63.0,2.0,3.0,3.81,9.0,0,2014,2013.5
74188.0,80.0,1.0,3.0,,7.0,0,2014,2013.5
74198.0,66.0,2.0,2.0,3.48,7.0,0,2014,2013.5
74205.0,65.0,1.0,6.0,5.0,7.0,0,2014,2013.5
74211.0,74.0,2.0,2.0,0.77,6.0,0,2014,2013.5
74219.0,74.0,1.0,6.0,5.0,5.0,0,2014,2013.5
74224.0,66.0,1.0,3.0,1.16,6.0,0,2014,2013.5
74225.0,67.0,2.0,2.0,1.74,6.0,0,2014,2013.5
74227.0,78.0,2.0,4.0,0.86,7.0,0,2014,2013.5
74231.0,67.0,2.0,4.0,2.44,7.0,0,2014,2013.5
74240.0,74.0,2.0,4.0,4.53,6.0,0,2014,2013.5
74241.0,72.0,1.0,3.0,3.22,5.0,0,2014,2013.5
74247.0,74.0,1.0,3.0,4.77,6.0,0,2014,2013.5
74253.0,77.0,1.0,4.0,1.93,5.0,0,2014,2013.5
74254.0,71.0,1.0,3.0,3.17,5.0,0,2014,2013.5
74262.0,70.0,2.0,3.0,0.74,6.0,0,2014,2013.5
74268.0,62.0,2.0,3.0,0.46,8.0,0,2014,2013.5
74276.0,62.0,2.0,1.0,1.03,8.0,0,2014,2013.5
74280.0,80.0,2.0,3.0,,9.0,0,2014,2013.5
74287.0,60.0,1.0,4.0,3.74,6.0,0,2014,2013.5
74292.0,63.0,2.0,3.0,1.13,9.0,0,2014,2013.5
74298.0,80.0,2.0,3.0,1.72,4.0,1,2014,2013.5
74302.0,62.0,1.0,2.0,1.84,7.0,0,2014,2013.5
74304.0,80.0,1.0,3.0,0.83,5.0,0,2014,2013.5
74305.0,71.0,1.0,3.0,1.05,5.0,0,2014,2013.5
74306.0,62.0,1.0,1.0,0.91,7.0,0,2014,2013.5
74310.0,60.0,2.0,6.0,4.83,5.0,0,2014,2013.5
74313.0,80.0,2.0,3.0,1.21,7.0,0,2014,2013.5
74319.0,68.0,2.0,6.0,0.73,8.0,0,2014,2013.5
74324.0,79.0,2.0,3.0,1.93,5.0,0,2014,2013.5
74341.0,60.0,1.0,2.0,5.0,4.0,1,2014,2013.5
74346.0,70.0,1.0,3.0,3.87,6.0,0,2014,2013.5
74352.0,65.0,1.0,6.0,5.0,8.0,0,2014,2013.5
74355.0,61.0,1.0,3.0,,6.0,0,2014,2013.5
74359.0,63.0,1.0,4.0,4.13,3.0,1,2014,2013.5
74366.0,61.0,2.0,3.0,2.31,9.0,0,2014,2013.5
74367.0,74.0,1.0,3.0,,3.0,1,2014,2013.5
74374.0,70.0,2.0,6.0,2.9,7.0,0,2014,2013.5
74375.0,63.0,2.0,1.0,5.397605346934028e-79,6.0,0,2014,2013.5
74383.0,64.0,1.0,2.0,4.19,5.0,0,2014,2013.5
74385.0,73.0,1.0,3.0,3.87,8.0,0,2014,2013.5
74395.0,77.0,1.0,3.0,1.74,6.0,0,2014,2013.5
74413.0,80.0,2.0,3.0,2.09,10.0,0,2014,2013.5
74419.0,76.0,2.0,3.0,,7.0,0,2014,2013.5
74425.0,62.0,2.0,3.0,3.05,9.0,0,2014,2013.5
74432.0,60.0,1.0,4.0,,8.0,0,2014,2013.5
74442.0,63.0,1.0,4.0,3.69,6.0,0,2014,2013.5
74446.0,64.0,2.0,3.0,1.1,10.0,0,2014,2013.5
74451.0,77.0,2.0,2.0,0.78,8.0,0,2014,2013.5
74459.0,61.0,2.0,3.0,5.397605346934028e-79,9.0,0,2014,2013.5
74465.0,80.0,1.0,1.0,1.42,7.0,0,2014,2013.5
74473.0,80.0,1.0,3.0,1.11,5.397605346934028e-79,1,2014,2013.5
74476.0,68.0,2.0,2.0,1.89,8.0,0,2014,2013.5
74486.0,69.0,2.0,4.0,1.29,5.0,0,2014,2013.5
74487.0,78.0,1.0,3.0,3.09,7.0,0,2014,2013.5
74490.0,80.0,2.0,3.0,5.0,5.0,0,2014,2013.5
74508.0,80.0,1.0,3.0,5.0,7.0,0,2014,2013.5
74510.0,64.0,1.0,3.0,5.0,10.0,0,2014,2013.5
74512.0,80.0,1.0,3.0,2.23,10.0,0,2014,2013.5
74523.0,61.0,2.0,1.0,5.0,6.0,0,2014,2013.5
74531.0,72.0,1.0,4.0,1.29,6.0,0,2014,2013.5
74534.0,65.0,1.0,3.0,1.15,8.0,0,2014,2013.5
74536.0,65.0,1.0,2.0,1.93,5.0,0,2014,2013.5
74538.0,75.0,2.0,3.0,5.0,5.0,0,2014,2013.5
74548.0,63.0,2.0,2.0,0.54,5.0,0,2014,2013.5
74562.0,62.0,1.0,3.0,3.54,8.0,0,2014,2013.5
74565.0,66.0,1.0,2.0,,4.0,1,2014,2013.5
74570.0,63.0,2.0,1.0,2.86,8.0,0,2014,2013.5
74574.0,80.0,2.0,3.0,1.39,9.0,0,2014,2013.5
74576.0,73.0,2.0,3.0,1.38,8.0,0,2014,2013.5
74581.0,75.0,1.0,1.0,1.01,5.0,0,2014,2013.5
74583.0,60.0,2.0,1.0,0.99,7.0,0,2014,2013.5
74587.0,66.0,1.0,1.0,2.82,9.0,0,2014,2013.5
74588.0,74.0,2.0,3.0,3.43,10.0,0,2014,2013.5
74589.0,67.0,1.0,3.0,1.27,3.0,1,2014,2013.5
74591.0,73.0,1.0,4.0,1.53,8.0,0,2014,2013.5
74600.0,66.0,2.0,4.0,5.0,6.0,0,2014,2013.5
74605.0,62.0,2.0,3.0,5.0,6.0,0,2014,2013.5
74607.0,68.0,1.0,6.0,,6.0,0,2014,2013.5
74611.0,64.0,1.0,1.0,3.87,8.0,0,2014,2013.5
74619.0,80.0,1.0,3.0,3.18,6.0,0,2014,2013.5
74628.0,63.0,2.0,3.0,1.0,5.0,0,2014,2013.5
74636.0,60.0,2.0,6.0,5.0,10.0,0,2014,2013.5
74645.0,68.0,2.0,3.0,3.81,9.0,0,2014,2013.5
74654.0,62.0,2.0,4.0,0.54,7.0,0,2014,2013.5
74656.0,62.0,1.0,3.0,5.0,7.0,0,2014,2013.5
74661.0,65.0,1.0,4.0,1.29,8.0,0,2014,2013.5
74668.0,80.0,2.0,3.0,1.71,4.0,1,2014,2013.5
74669.0,80.0,2.0,3.0,4.61,4.0,1,2014,2013.5
74670.0,80.0,2.0,3.0,1.57,5.0,0,2014,2013.5
74674.0,67.0,2.0,1.0,0.97,5.397605346934028e-79,1,2014,2013.5
74685.0,75.0,1.0,6.0,0.85,7.0,0,2014,2013.5
74694.0,71.0,1.0,4.0,,1.0,1,2014,2013.5
74696.0,62.0,1.0,3.0,1.92,8.0,0,2014,2013.5
74702.0,68.0,1.0,3.0,5.0,4.0,1,2014,2013.5
74705.0,74.0,1.0,6.0,5.0,8.0,0,2014,2013.5
74714.0,72.0,2.0,2.0,1.03,4.0,1,2014,2013.5
74723.0,66.0,1.0,3.0,4.05,5.0,0,2014,2013.5
74732.0,64.0,2.0,3.0,4.13,9.0,0,2014,2013.5
74741.0,61.0,1.0,3.0,5.0,8.0,0,2014,2013.5
74742.0,73.0,2.0,3.0,3.6,7.0,0,2014,2013.5
74747.0,64.0,2.0,6.0,0.87,9.0,0,2014,2013.5
74772.0,62.0,2.0,3.0,1.81,8.0,0,2014,2013.5
74773.0,64.0,1.0,4.0,1.27,4.0,1,2014,2013.5
74779.0,78.0,2.0,6.0,,9.0,0,2014,2013.5
74790.0,80.0,2.0,3.0,5.0,5.397605346934028e-79,1,2014,2013.5
74791.0,69.0,2.0,6.0,,4.0,1,2014,2013.5
74815.0,62.0,2.0,4.0,0.76,6.0,0,2014,2013.5
74831.0,66.0,2.0,3.0,5.0,10.0,0,2014,2013.5
74841.0,80.0,2.0,3.0,,3.0,1,2014,2013.5
74851.0,80.0,1.0,3.0,1.65,1.0,1,2014,2013.5
74869.0,66.0,2.0,4.0,1.7,8.0,0,2014,2013.5
74878.0,69.0,2.0,2.0,5.0,7.0,0,2014,2013.5
74893.0,70.0,2.0,3.0,5.0,9.0,0,2014,2013.5
74900.0,69.0,2.0,3.0,1.91,5.397605346934028e-79,1,2014,2013.5
74909.0,64.0,1.0,2.0,1.25,6.0,0,2014,2013.5
74919.0,66.0,2.0,3.0,4.35,6.0,0,2014,2013.5
74925.0,62.0,2.0,4.0,2.14,8.0,0,2014,2013.5
74929.0,66.0,2.0,6.0,3.38,7.0,0,2014,2013.5
74937.0,74.0,1.0,3.0,4.3,6.0,0,2014,2013.5
74946.0,62.0,1.0,4.0,0.16,7.0,0,2014,2013.5
74953.0,80.0,1.0,3.0,2.18,6.0,0,2014,2013.5
74958.0,76.0,2.0,2.0,0.51,7.0,0,2014,2013.5
74960.0,63.0,2.0,4.0,0.87,8.0,0,2014,2013.5
74961.0,61.0,1.0,3.0,5.0,9.0,0,2014,2013.5
74978.0,80.0,2.0,3.0,2.15,5.397605346934028e-79,1,2014,2013.5
74979.0,80.0,2.0,3.0,0.73,3.0,1,2014,2013.5
74983.0,63.0,2.0,1.0,1.28,7.0,0,2014,2013.5
74984.0,64.0,1.0,1.0,,4.0,1,2014,2013.5
74985.0,66.0,2.0,1.0,1.15,8.0,0,2014,2013.5
74989.0,80.0,2.0,3.0,2.4,2.0,1,2014,2013.5
75010.0,80.0,2.0,4.0,,5.0,0,2014,2013.5
75011.0,69.0,2.0,3.0,3.87,5.0,0,2014,2013.5
75012.0,60.0,1.0,3.0,5.0,5.0,0,2014,2013.5
75013.0,63.0,1.0,4.0,1.03,5.397605346934028e-79,1,2014,2013.5
75044.0,60.0,2.0,2.0,3.22,6.0,0,2014,2013.5
75058.0,66.0,2.0,3.0,5.0,8.0,0,2014,2013.5
75061.0,60.0,2.0,3.0,5.0,9.0,0,2014,2013.5
75065.0,76.0,1.0,3.0,5.0,8.0,0,2014,2013.5
75068.0,72.0,1.0,7.0,1.46,9.0,0,2014,2013.5
75070.0,74.0,2.0,1.0,0.93,6.0,0,2014,2013.5
75076.0,72.0,1.0,3.0,3.58,9.0,0,2014,2013.5
75081.0,66.0,2.0,1.0,,3.0,1,2014,2013.5
75089.0,62.0,2.0,3.0,3.09,7.0,0,2014,2013.5
75090.0,76.0,2.0,3.0,0.87,5.0,0,2014,2013.5
75108.0,80.0,1.0,3.0,4.45,3.0,1,2014,2013.5
75112.0,80.0,1.0,3.0,2.05,4.0,1,2014,2013.5
75117.0,80.0,1.0,3.0,1.03,7.0,0,2014,2013.5
75118.0,64.0,2.0,4.0,3.3,6.0,0,2014,2013.5
75129.0,80.0,2.0,3.0,2.61,7.0,0,2014,2013.5
75150.0,71.0,2.0,3.0,4.84,8.0,0,2014,2013.5
75158.0,80.0,2.0,3.0,4.71,7.0,0,2014,2013.5
75159.0,68.0,1.0,3.0,3.22,9.0,0,2014,2013.5
75160.0,64.0,1.0,3.0,1.59,7.0,0,2014,2013.5
75174.0,76.0,1.0,4.0,0.78,1.0,1,2014,2013.5
75179.0,64.0,2.0,4.0,0.71,4.0,1,2014,2013.5
75191.0,79.0,2.0,1.0,3.33,3.0,1,2014,2013.5
75195.0,62.0,2.0,4.0,0.23,8.0,0,2014,2013.5
75196.0,64.0,2.0,3.0,5.0,8.0,0,2014,2013.5
75203.0,69.0,1.0,1.0,1.57,7.0,0,2014,2013.5
75207.0,65.0,1.0,6.0,2.09,9.0,0,2014,2013.5
75222.0,65.0,2.0,6.0,5.0,5.397605346934028e-79,1,2014,2013.5
75223.0,69.0,2.0,3.0,5.0,3.0,1,2014,2013.5
75231.0,79.0,2.0,4.0,2.57,5.0,0,2014,2013.5
75232.0,63.0,1.0,1.0,1.05,2.0,1,2014,2013.5
75244.0,63.0,2.0,4.0,0.52,4.0,1,2014,2013.5
75259.0,80.0,2.0,3.0,1.27,4.0,1,2014,2013.5
75262.0,80.0,1.0,3.0,5.0,7.0,0,2014,2013.5
75263.0,61.0,2.0,6.0,,5.0,0,2014,2013.5
75264.0,80.0,2.0,3.0,1.2,3.0,1,2014,2013.5
75273.0,75.0,1.0,3.0,2.44,4.0,1,2014,2013.5
75277.0,70.0,1.0,3.0,1.08,9.0,0,2014,2013.5
75279.0,68.0,2.0,4.0,1.31,6.0,0,2014,2013.5
75282.0,80.0,2.0,3.0,2.8,6.0,0,2014,2013.5
75285.0,80.0,1.0,3.0,0.81,6.0,0,2014,2013.5
75287.0,75.0,1.0,4.0,1.02,5.0,0,2014,2013.5
75293.0,74.0,2.0,4.0,1.56,9.0,0,2014,2013.5
75295.0,72.0,2.0,1.0,,7.0,0,2014,2013.5
75298.0,72.0,1.0,4.0,5.0,7.0,0,2014,2013.5
75311.0,74.0,1.0,4.0,1.91,8.0,0,2014,2013.5
75315.0,67.0,1.0,3.0,3.18,8.0,0,2014,2013.5
75324.0,80.0,2.0,2.0,1.07,4.0,1,2014,2013.5
75325.0,64.0,1.0,3.0,0.85,6.0,0,2014,2013.5
75334.0,66.0,1.0,2.0,3.69,6.0,0,2014,2013.5
75337.0,74.0,2.0,4.0,1.03,8.0,0,2014,2013.5
75338.0,77.0,2.0,3.0,5.0,6.0,0,2014,2013.5
75342.0,73.0,1.0,3.0,4.48,6.0,0,2014,2013.5
75343.0,80.0,1.0,3.0,1.34,1.0,1,2014,2013.5
75344.0,62.0,1.0,3.0,5.0,6.0,0,2014,2013.5
75347.0,62.0,2.0,1.0,5.0,10.0,0,2014,2013.5
75350.0,80.0,2.0,3.0,1.89,2.0,1,2014,2013.5
75364.0,61.0,1.0,3.0,5.0,8.0,0,2014,2013.5
75381.0,69.0,2.0,3.0,1.23,8.0,0,2014,2013.5
75384.0,61.0,1.0,3.0,,8.0,0,2014,2013.5
75397.0,62.0,2.0,1.0,1.91,6.0,0,2014,2013.5
75400.0,74.0,2.0,3.0,5.0,6.0,0,2014,2013.5
75406.0,76.0,2.0,4.0,5.0,4.0,1,2014,2013.5
75416.0,61.0,1.0,3.0,1.08,7.0,0,2014,2013.5
75418.0,64.0,1.0,4.0,4.04,2.0,1,2014,2013.5
75423.0,64.0,2.0,3.0,2.52,8.0,0,2014,2013.5
75435.0,63.0,2.0,3.0,5.0,8.0,0,2014,2013.5
75443.0,74.0,1.0,3.0,0.86,4.0,1,2014,2013.5
75449.0,71.0,2.0,2.0,4.2,8.0,0,2014,2013.5
75456.0,80.0,1.0,3.0,4.35,7.0,0,2014,2013.5
75458.0,61.0,1.0,3.0,3.1,10.0,0,2014,2013.5
75472.0,61.0,2.0,3.0,4.13,9.0,0,2014,2013.5
75473.0,69.0,2.0,4.0,1.91,9.0,0,2014,2013.5
75479.0,66.0,1.0,4.0,3.58,7.0,0,2014,2013.5
75495.0,66.0,1.0,4.0,0.86,6.0,0,2014,2013.5
75496.0,72.0,1.0,4.0,1.26,3.0,1,2014,2013.5
75498.0,69.0,2.0,3.0,,5.0,0,2014,2013.5
75499.0,60.0,1.0,3.0,5.0,9.0,0,2014,2013.5
75500.0,75.0,2.0,3.0,3.48,7.0,0,2014,2013.5
75505.0,67.0,1.0,3.0,5.0,6.0,0,2014,2013.5
75542.0,74.0,2.0,3.0,,5.0,0,2014,2013.5
75543.0,66.0,2.0,3.0,1.08,9.0,0,2014,2013.5
75547.0,62.0,2.0,2.0,,5.0,0,2014,2013.5
75552.0,80.0,2.0,1.0,1.03,4.0,1,2014,2013.5
75553.0,80.0,2.0,3.0,1.57,6.0,0,2014,2013.5
75562.0,66.0,1.0,4.0,3.18,7.0,0,2014,2013.5
75572.0,68.0,2.0,1.0,0.27,6.0,0,2014,2013.5
75573.0,67.0,2.0,1.0,0.84,6.0,0,2014,2013.5
75579.0,60.0,1.0,1.0,2.26,6.0,0,2014,2013.5
75581.0,74.0,2.0,3.0,1.57,6.0,0,2014,2013.5
75592.0,69.0,2.0,6.0,0.87,9.0,0,2014,2013.5
75598.0,62.0,2.0,1.0,5.0,10.0,0,2014,2013.5
75601.0,61.0,1.0,1.0,3.87,7.0,0,2014,2013.5
75607.0,64.0,1.0,3.0,2.06,5.0,0,2014,2013.5
75609.0,80.0,2.0,3.0,5.0,9.0,0,2014,2013.5
75612.0,61.0,2.0,3.0,5.0,10.0,0,2014,2013.5
75625.0,60.0,2.0,4.0,0.76,6.0,0,2014,2013.5
75628.0,70.0,2.0,3.0,4.45,8.0,0,2014,2013.5
75631.0,72.0,2.0,4.0,2.3,7.0,0,2014,2013.5
75635.0,60.0,2.0,4.0,0.86,5.0,0,2014,2013.5
75637.0,70.0,2.0,3.0,5.0,1.0,1,2014,2013.5
75644.0,69.0,1.0,6.0,,5.0,0,2014,2013.5
75669.0,64.0,1.0,6.0,5.0,5.0,0,2014,2013.5
75674.0,60.0,1.0,4.0,1.11,6.0,0,2014,2013.5
75685.0,62.0,2.0,4.0,0.19,5.0,0,2014,2013.5
75691.0,70.0,2.0,4.0,0.54,5.0,0,2014,2013.5
75695.0,74.0,2.0,1.0,1.07,4.0,1,2014,2013.5
75696.0,80.0,2.0,3.0,0.64,8.0,0,2014,2013.5
75699.0,62.0,2.0,1.0,0.71,7.0,0,2014,2013.5
75700.0,68.0,1.0,2.0,0.86,6.0,0,2014,2013.5
75717.0,80.0,2.0,3.0,1.54,4.0,1,2014,2013.5
75724.0,66.0,1.0,1.0,1.63,3.0,1,2014,2013.5
75744.0,72.0,2.0,3.0,1.31,4.0,1,2014,2013.5
75748.0,80.0,2.0,6.0,3.08,1.0,1,2014,2013.5
75749.0,69.0,1.0,2.0,0.72,7.0,0,2014,2013.5
75750.0,70.0,1.0,3.0,5.0,5.0,0,2014,2013.5
75762.0,61.0,2.0,3.0,4.26,5.0,0,2014,2013.5
75769.0,72.0,1.0,3.0,4.48,8.0,0,2014,2013.5
75771.0,70.0,1.0,3.0,,4.0,1,2014,2013.5
75774.0,80.0,1.0,3.0,1.29,2.0,1,2014,2013.5
75781.0,65.0,1.0,3.0,5.0,7.0,0,2014,2013.5
75787.0,72.0,1.0,3.0,,6.0,0,2014,2013.5
75795.0,79.0,1.0,1.0,1.29,5.0,0,2014,2013.5
75808.0,75.0,1.0,3.0,,5.397605346934028e-79,1,2014,2013.5
75826.0,70.0,1.0,1.0,2.05,7.0,0,2014,2013.5
75838.0,80.0,1.0,3.0,5.0,8.0,0,2014,2013.5
75860.0,60.0,1.0,6.0,4.77,8.0,0,2014,2013.5
75863.0,62.0,2.0,7.0,,9.0,0,2014,2013.5
75892.0,80.0,2.0,3.0,2.4,6.0,0,2014,2013.5
75904.0,70.0,2.0,1.0,1.27,5.0,0,2014,2013.5
75909.0,77.0,2.0,1.0,0.61,4.0,1,2014,2013.5
75911.0,67.0,1.0,4.0,4.28,7.0,0,2014,2013.5
75912.0,80.0,1.0,4.0,3.07,3.0,1,2014,2013.5
75915.0,63.0,2.0,1.0,1.98,10.0,0,2014,2013.5
75921.0,76.0,1.0,4.0,5.0,6.0,0,2014,2013.5
75922.0,65.0,2.0,3.0,4.77,5.0,0,2014,2013.5
75923.0,80.0,1.0,3.0,3.87,8.0,0,2014,2013.5
75937.0,77.0,1.0,3.0,5.0,5.0,0,2014,2013.5
75942.0,78.0,1.0,4.0,3.56,3.0,1,2014,2013.5
75945.0,60.0,1.0,6.0,1.72,7.0,0,2014,2013.5
75946.0,71.0,2.0,3.0,2.18,9.0,0,2014,2013.5
75955.0,72.0,2.0,6.0,5.0,7.0,0,2014,2013.5
75956.0,80.0,1.0,3.0,5.0,4.0,1,2014,2013.5
75960.0,76.0,1.0,1.0,2.53,7.0,0,2014,2013.5
75962.0,64.0,1.0,1.0,1.26,4.0,1,2014,2013.5
75964.0,71.0,1.0,3.0,5.0,10.0,0,2014,2013.5
75965.0,64.0,2.0,3.0,1.2,8.0,0,2014,2013.5
75969.0,69.0,1.0,6.0,3.81,10.0,0,2014,2013.5
75973.0,65.0,1.0,3.0,5.0,6.0,0,2014,2013.5
75974.0,71.0,2.0,3.0,3.46,10.0,0,2014,2013.5
75976.0,67.0,1.0,4.0,1.97,7.0,0,2014,2013.5
75978.0,71.0,1.0,3.0,2.38,9.0,0,2014,2013.5
75982.0,75.0,2.0,3.0,0.91,9.0,0,2014,2013.5
75987.0,80.0,2.0,3.0,1.34,9.0,0,2014,2013.5
75991.0,80.0,1.0,3.0,3.92,4.0,1,2014,2013.5
75996.0,61.0,1.0,4.0,,10.0,0,2014,2013.5
75998.0,76.0,2.0,3.0,5.0,6.0,0,2014,2013.5
76010.0,68.0,1.0,1.0,1.23,5.0,0,2014,2013.5
76016.0,79.0,1.0,3.0,3.1,6.0,0,2014,2013.5
76023.0,67.0,1.0,4.0,5.0,4.0,1,2014,2013.5
76033.0,69.0,2.0,2.0,2.23,8.0,0,2014,2013.5
76036.0,64.0,1.0,2.0,0.04,1.0,1,2014,2013.5
76037.0,60.0,1.0,1.0,1.42,5.0,0,2014,2013.5
76040.0,60.0,2.0,4.0,3.48,7.0,0,2014,2013.5
76043.0,64.0,2.0,1.0,,8.0,0,2014,2013.5
76072.0,73.0,1.0,3.0,0.64,3.0,1,2014,2013.5
76074.0,70.0,1.0,4.0,3.2,5.0,0,2014,2013.5
76091.0,66.0,2.0,6.0,5.0,6.0,0,2014,2013.5
76092.0,74.0,2.0,6.0,,9.0,0,2014,2013.5
76097.0,66.0,2.0,3.0,5.0,10.0,0,2014,2013.5
76112.0,63.0,1.0,4.0,5.0,6.0,0,2014,2013.5
76116.0,68.0,1.0,3.0,,6.0,0,2014,2013.5
76117.0,72.0,2.0,3.0,2.19,8.0,0,2014,2013.5
76127.0,67.0,1.0,4.0,5.0,7.0,0,2014,2013.5
76128.0,74.0,2.0,3.0,5.397605346934028e-79,7.0,0,2014,2013.5
76139.0,76.0,2.0,3.0,,5.0,0,2014,2013.5
76144.0,80.0,1.0,3.0,0.86,4.0,1,2014,2013.5
76145.0,60.0,2.0,3.0,5.0,7.0,0,2014,2013.5
76149.0,68.0,2.0,1.0,3.33,5.0,0,2014,2013.5
76156.0,61.0,1.0,4.0,2.69,6.0,0,2014,2013.5
76158.0,72.0,2.0,3.0,0.64,9.0,0,2014,2013.5
76159.0,75.0,1.0,3.0,2.19,6.0,0,2014,2013.5
76164.0,62.0,2.0,3.0,1.2,7.0,0,2014,2013.5
76171.0,80.0,1.0,6.0,3.64,5.397605346934028e-79,1,2014,2013.5
76188.0,74.0,2.0,6.0,0.87,9.0,0,2014,2013.5
76192.0,66.0,2.0,3.0,1.45,8.0,0,2014,2013.5
76201.0,64.0,1.0,4.0,,7.0,0,2014,2013.5
76213.0,78.0,1.0,3.0,3.54,4.0,1,2014,2013.5
76223.0,76.0,1.0,3.0,4.13,7.0,0,2014,2013.5
76224.0,74.0,2.0,3.0,0.73,6.0,0,2014,2013.5
76235.0,76.0,2.0,3.0,3.43,8.0,0,2014,2013.5
76238.0,61.0,2.0,6.0,3.39,8.0,0,2014,2013.5
76252.0,70.0,2.0,3.0,1.48,7.0,0,2014,2013.5
76264.0,80.0,1.0,3.0,3.0,8.0,0,2014,2013.5
76267.0,63.0,1.0,4.0,2.53,3.0,1,2014,2013.5
76271.0,61.0,1.0,3.0,5.0,10.0,0,2014,2013.5
76277.0,80.0,1.0,3.0,0.97,5.397605346934028e-79,1,2014,2013.5
76282.0,62.0,2.0,2.0,1.11,10.0,0,2014,2013.5
76294.0,72.0,1.0,4.0,0.77,3.0,1,2014,2013.5
76306.0,66.0,1.0,3.0,5.0,8.0,0,2014,2013.5
76312.0,65.0,2.0,4.0,2.12,5.0,0,2014,2013.5
76320.0,63.0,2.0,3.0,2.31,10.0,0,2014,2013.5
76325.0,64.0,1.0,2.0,0.7,4.0,1,2014,2013.5
76333.0,80.0,2.0,1.0,0.44,4.0,1,2014,2013.5
76335.0,65.0,1.0,4.0,2.61,3.0,1,2014,2013.5
76363.0,73.0,2.0,1.0,,7.0,0,2014,2013.5
76391.0,80.0,2.0,3.0,1.11,5.0,0,2014,2013.5
76395.0,71.0,1.0,4.0,1.89,7.0,0,2014,2013.5
76397.0,69.0,1.0,1.0,1.08,8.0,0,2014,2013.5
76400.0,61.0,1.0,2.0,3.84,6.0,0,2014,2013.5
76402.0,80.0,2.0,4.0,0.42,6.0,0,2014,2013.5
76404.0,68.0,2.0,1.0,,7.0,0,2014,2013.5
76411.0,63.0,2.0,2.0,1.1,8.0,0,2014,2013.5
76413.0,66.0,2.0,2.0,1.0,9.0,0,2014,2013.5
76422.0,69.0,1.0,4.0,4.28,4.0,1,2014,2013.5
76423.0,74.0,2.0,3.0,5.0,7.0,0,2014,2013.5
76424.0,60.0,1.0,3.0,4.13,10.0,0,2014,2013.5
76429.0,63.0,1.0,2.0,,4.0,1,2014,2013.5
76435.0,69.0,2.0,4.0,4.84,9.0,0,2014,2013.5
76436.0,78.0,1.0,3.0,2.61,4.0,1,2014,2013.5
76437.0,64.0,1.0,2.0,0.89,6.0,0,2014,2013.5
76442.0,78.0,2.0,3.0,4.45,5.0,0,2014,2013.5
76447.0,80.0,2.0,3.0,3.08,1.0,1,2014,2013.5
76455.0,69.0,2.0,4.0,0.75,7.0,0,2014,2013.5
76465.0,71.0,2.0,3.0,2.0,2.0,1,2014,2013.5
76468.0,73.0,1.0,3.0,4.45,3.0,1,2014,2013.5
76469.0,72.0,1.0,1.0,1.19,5.0,0,2014,2013.5
76477.0,73.0,2.0,1.0,2.56,5.0,0,2014,2013.5
76481.0,67.0,2.0,6.0,3.17,9.0,0,2014,2013.5
76484.0,63.0,1.0,4.0,1.68,7.0,0,2014,2013.5
76490.0,68.0,2.0,3.0,4.45,8.0,0,2014,2013.5
76527.0,68.0,1.0,3.0,4.13,5.0,0,2014,2013.5
76530.0,80.0,2.0,4.0,1.32,5.397605346934028e-79,1,2014,2013.5
76531.0,80.0,1.0,3.0,1.91,4.0,1,2014,2013.5
76533.0,67.0,1.0,4.0,2.84,4.0,1,2014,2013.5
76540.0,69.0,1.0,3.0,3.87,5.0,0,2014,2013.5
76548.0,62.0,1.0,4.0,2.77,5.397605346934028e-79,1,2014,2013.5
76549.0,74.0,1.0,4.0,0.85,3.0,1,2014,2013.5
76550.0,70.0,1.0,2.0,1.91,4.0,1,2014,2013.5
76558.0,64.0,2.0,6.0,3.84,6.0,0,2014,2013.5
76561.0,61.0,1.0,1.0,0.47,9.0,0,2014,2013.5
76565.0,80.0,2.0,3.0,5.0,5.0,0,2014,2013.5
76568.0,64.0,2.0,4.0,4.64,7.0,0,2014,2013.5
76575.0,69.0,2.0,3.0,5.0,9.0,0,2014,2013.5
76576.0,80.0,2.0,3.0,5.0,5.0,0,2014,2013.5
76580.0,71.0,2.0,4.0,2.39,7.0,0,2014,2013.5
76590.0,67.0,2.0,4.0,4.28,4.0,1,2014,2013.5
76593.0,76.0,1.0,4.0,0.73,8.0,0,2014,2013.5
76599.0,63.0,1.0,4.0,,6.0,0,2014,2013.5
76604.0,61.0,1.0,3.0,1.1,5.0,0,2014,2013.5
76612.0,62.0,1.0,1.0,4.25,9.0,0,2014,2013.5
76616.0,69.0,2.0,3.0,5.0,5.0,0,2014,2013.5
76627.0,76.0,2.0,3.0,1.04,8.0,0,2014,2013.5
76631.0,80.0,2.0,3.0,1.54,7.0,0,2014,2013.5
76638.0,63.0,2.0,2.0,3.05,9.0,0,2014,2013.5
76648.0,74.0,2.0,4.0,,2.0,1,2014,2013.5
76653.0,66.0,2.0,3.0,,7.0,0,2014,2013.5
76655.0,64.0,2.0,2.0,0.7,3.0,1,2014,2013.5
76660.0,74.0,2.0,3.0,1.03,8.0,0,2014,2013.5
76666.0,65.0,2.0,6.0,0.67,8.0,0,2014,2013.5
76669.0,63.0,1.0,1.0,1.68,9.0,0,2014,2013.5
76673.0,80.0,1.0,3.0,5.0,5.0,0,2014,2013.5
76679.0,69.0,2.0,3.0,1.67,7.0,0,2014,2013.5
76680.0,61.0,2.0,3.0,4.84,5.0,0,2014,2013.5
76687.0,79.0,1.0,4.0,2.1,6.0,0,2014,2013.5
76688.0,68.0,1.0,3.0,3.05,6.0,0,2014,2013.5
76698.0,66.0,2.0,6.0,1.56,4.0,1,2014,2013.5
76702.0,62.0,1.0,4.0,0.26,8.0,0,2014,2013.5
76709.0,74.0,1.0,3.0,1.59,2.0,1,2014,2013.5
76714.0,72.0,2.0,3.0,0.67,8.0,0,2014,2013.5
76722.0,73.0,1.0,3.0,5.0,5.0,0,2014,2013.5
76733.0,77.0,1.0,3.0,2.26,3.0,1,2014,2013.5
76734.0,80.0,2.0,3.0,3.18,6.0,0,2014,2013.5
76738.0,63.0,2.0,6.0,5.0,10.0,0,2014,2013.5
76739.0,80.0,2.0,3.0,1.54,3.0,1,2014,2013.5
76741.0,68.0,2.0,3.0,1.11,4.0,1,2014,2013.5
76745.0,70.0,1.0,2.0,0.69,8.0,0,2014,2013.5
76747.0,80.0,2.0,3.0,1.2,8.0,0,2014,2013.5
76753.0,61.0,1.0,3.0,2.13,5.0,0,2014,2013.5
76754.0,76.0,1.0,4.0,5.0,6.0,0,2014,2013.5
76757.0,79.0,1.0,4.0,1.77,3.0,1,2014,2013.5
76764.0,61.0,2.0,6.0,5.0,8.0,0,2014,2013.5
76779.0,71.0,2.0,1.0,1.02,5.0,0,2014,2013.5
76789.0,71.0,2.0,3.0,5.0,5.0,0,2014,2013.5
76807.0,72.0,2.0,1.0,2.12,8.0,0,2014,2013.5
76809.0,80.0,1.0,3.0,3.22,6.0,0,2014,2013.5
76814.0,62.0,1.0,3.0,4.84,9.0,0,2014,2013.5
76818.0,80.0,1.0,3.0,3.22,5.0,0,2014,2013.5
76831.0,80.0,2.0,3.0,1.93,1.0,1,2014,2013.5
76840.0,61.0,2.0,4.0,0.86,8.0,0,2014,2013.5
76842.0,62.0,1.0,1.0,5.0,8.0,0,2014,2013.5
76851.0,73.0,2.0,2.0,0.51,5.0,0,2014,2013.5
76853.0,80.0,1.0,3.0,5.0,4.0,1,2014,2013.5
76860.0,60.0,2.0,4.0,3.0,9.0,0,2014,2013.5
76864.0,80.0,2.0,3.0,2.0,6.0,0,2014,2013.5
76870.0,80.0,2.0,3.0,0.81,8.0,0,2014,2013.5
76871.0,70.0,2.0,6.0,3.81,6.0,0,2014,2013.5
76872.0,66.0,1.0,3.0,2.05,5.0,0,2014,2013.5
76880.0,62.0,2.0,4.0,4.84,8.0,0,2014,2013.5
76888.0,80.0,1.0,3.0,3.87,3.0,1,2014,2013.5
76889.0,65.0,2.0,4.0,5.0,9.0,0,2014,2013.5
76892.0,62.0,1.0,3.0,0.7,6.0,0,2014,2013.5
76893.0,60.0,2.0,3.0,2.96,6.0,0,2014,2013.5
76899.0,60.0,1.0,6.0,2.31,9.0,0,2014,2013.5
76912.0,74.0,1.0,1.0,1.01,5.397605346934028e-79,1,2014,2013.5
76915.0,63.0,1.0,4.0,5.0,6.0,0,2014,2013.5
76917.0,80.0,1.0,3.0,1.23,4.0,1,2014,2013.5
76921.0,64.0,1.0,2.0,0.31,5.397605346934028e-79,1,2014,2013.5
76931.0,80.0,1.0,3.0,0.95,7.0,0,2014,2013.5
76932.0,73.0,1.0,2.0,2.06,6.0,0,2014,2013.5
76941.0,78.0,2.0,3.0,1.93,5.0,0,2014,2013.5
76944.0,64.0,1.0,2.0,0.61,5.397605346934028e-79,1,2014,2013.5
76951.0,80.0,2.0,4.0,1.75,2.0,1,2014,2013.5
76973.0,65.0,2.0,3.0,5.0,10.0,0,2014,2013.5
76977.0,69.0,1.0,4.0,1.74,3.0,1,2014,2013.5
76988.0,67.0,1.0,6.0,5.0,7.0,0,2014,2013.5
76991.0,80.0,2.0,3.0,1.88,6.0,0,2014,2013.5
76992.0,67.0,1.0,2.0,5.0,6.0,0,2014,2013.5
77004.0,80.0,2.0,3.0,5.0,7.0,0,2014,2013.5
77011.0,63.0,2.0,1.0,5.0,9.0,0,2014,2013.5
77012.0,80.0,1.0,3.0,5.0,1.0,1,2014,2013.5
77023.0,65.0,2.0,3.0,5.0,7.0,0,2014,2013.5
77030.0,70.0,1.0,4.0,1.29,4.0,1,2014,2013.5
77035.0,64.0,1.0,4.0,2.12,4.0,1,2014,2013.5
77040.0,80.0,2.0,3.0,3.31,4.0,1,2014,2013.5
77041.0,73.0,1.0,4.0,2.69,3.0,1,2014,2013.5
77043.0,60.0,2.0,3.0,0.98,4.0,1,2014,2013.5
77046.0,62.0,1.0,3.0,2.23,8.0,0,2014,2013.5
77049.0,66.0,2.0,6.0,2.58,6.0,0,2014,2013.5
77057.0,80.0,2.0,3.0,2.23,2.0,1,2014,2013.5
77060.0,72.0,2.0,4.0,,1.0,1,2014,2013.5
77063.0,69.0,2.0,3.0,1.77,7.0,0,2014,2013.5
77066.0,62.0,2.0,2.0,,10.0,0,2014,2013.5
77067.0,67.0,2.0,3.0,3.03,6.0,0,2014,2013.5
77072.0,70.0,1.0,3.0,0.71,4.0,1,2014,2013.5
77073.0,67.0,2.0,3.0,0.9,9.0,0,2014,2013.5
77081.0,67.0,1.0,3.0,2.82,7.0,0,2014,2013.5
77083.0,77.0,2.0,3.0,2.27,8.0,0,2014,2013.5
77100.0,63.0,1.0,1.0,3.33,4.0,1,2014,2013.5
77101.0,62.0,2.0,4.0,4.61,7.0,0,2014,2013.5
77105.0,76.0,1.0,3.0,1.23,5.0,0,2014,2013.5
77111.0,61.0,1.0,3.0,0.82,6.0,0,2014,2013.5
77114.0,73.0,2.0,1.0,3.81,5.0,0,2014,2013.5
77126.0,70.0,2.0,3.0,1.91,5.0,0,2014,2013.5
77139.0,71.0,2.0,2.0,0.86,6.0,0,2014,2013.5
77142.0,68.0,1.0,4.0,,6.0,0,2014,2013.5
77162.0,72.0,2.0,3.0,1.03,7.0,0,2014,2013.5
77163.0,66.0,2.0,1.0,1.25,5.0,0,2014,2013.5
77168.0,80.0,2.0,3.0,4.28,10.0,0,2014,2013.5
77171.0,69.0,2.0,2.0,1.59,7.0,0,2014,2013.5
77178.0,80.0,2.0,3.0,1.29,5.0,0,2014,2013.5
77187.0,80.0,2.0,3.0,3.83,5.0,0,2014,2013.5
77194.0,60.0,1.0,4.0,0.71,5.0,0,2014,2013.5
77198.0,70.0,2.0,6.0,0.85,9.0,0,2014,2013.5
77200.0,68.0,2.0,4.0,1.89,7.0,0,2014,2013.5
77211.0,73.0,1.0,6.0,0.77,7.0,0,2014,2013.5
77212.0,80.0,1.0,3.0,1.39,5.0,0,2014,2013.5
77223.0,65.0,2.0,2.0,1.54,9.0,0,2014,2013.5
77232.0,73.0,1.0,3.0,2.42,3.0,1,2014,2013.5
77245.0,73.0,2.0,6.0,1.43,6.0,0,2014,2013.5
77246.0,68.0,1.0,4.0,1.57,5.0,0,2014,2013.5
77247.0,67.0,2.0,1.0,0.64,1.0,1,2014,2013.5
77250.0,78.0,1.0,1.0,2.12,9.0,0,2014,2013.5
77255.0,60.0,2.0,3.0,2.57,4.0,1,2014,2013.5
77257.0,61.0,1.0,2.0,3.09,8.0,0,2014,2013.5
77275.0,60.0,1.0,2.0,3.22,8.0,0,2014,2013.5
77284.0,65.0,1.0,3.0,3.93,4.0,1,2014,2013.5
77298.0,63.0,1.0,3.0,2.14,7.0,0,2014,2013.5
77299.0,67.0,2.0,4.0,4.07,5.0,0,2014,2013.5
77303.0,60.0,2.0,4.0,2.67,8.0,0,2014,2013.5
77306.0,73.0,1.0,2.0,4.16,3.0,1,2014,2013.5
77313.0,67.0,2.0,1.0,1.38,3.0,1,2014,2013.5
77314.0,76.0,1.0,4.0,3.03,6.0,0,2014,2013.5
77318.0,62.0,1.0,4.0,0.87,4.0,1,2014,2013.5
77333.0,70.0,1.0,3.0,5.0,7.0,0,2014,2013.5
77347.0,80.0,2.0,3.0,5.0,3.0,1,2014,2013.5
77348.0,78.0,1.0,3.0,5.0,2.0,1,2014,2013.5
77351.0,80.0,2.0,2.0,2.63,6.0,0,2014,2013.5
77355.0,71.0,2.0,4.0,0.9,4.0,1,2014,2013.5
77362.0,75.0,2.0,3.0,2.26,5.0,0,2014,2013.5
77364.0,66.0,2.0,3.0,1.59,7.0,0,2014,2013.5
77371.0,70.0,2.0,3.0,5.0,9.0,0,2014,2013.5
77373.0,74.0,2.0,3.0,3.12,8.0,0,2014,2013.5
77376.0,60.0,1.0,1.0,2.26,5.0,0,2014,2013.5
77383.0,80.0,1.0,4.0,3.07,1.0,1,2014,2013.5
77393.0,63.0,2.0,6.0,5.0,8.0,0,2014,2013.5
77394.0,60.0,2.0,4.0,1.53,6.0,0,2014,2013.5
77398.0,62.0,1.0,2.0,1.36,5.0,0,2014,2013.5
77399.0,80.0,2.0,3.0,1.78,2.0,1,2014,2013.5
77400.0,80.0,1.0,3.0,2.03,4.0,1,2014,2013.5
77408.0,79.0,2.0,2.0,1.22,4.0,1,2014,2013.5
77415.0,72.0,2.0,3.0,1.14,4.0,1,2014,2013.5
77417.0,80.0,1.0,3.0,0.71,4.0,1,2014,2013.5
77422.0,80.0,1.0,6.0,5.0,6.0,0,2014,2013.5
77423.0,74.0,1.0,3.0,0.84,6.0,0,2014,2013.5
77425.0,66.0,1.0,4.0,1.75,4.0,1,2014,2013.5
77429.0,76.0,2.0,4.0,3.56,6.0,0,2014,2013.5
77443.0,64.0,1.0,3.0,1.28,7.0,0,2014,2013.5
77444.0,63.0,1.0,4.0,2.14,5.0,0,2014,2013.5
77456.0,62.0,2.0,1.0,3.09,8.0,0,2014,2013.5
77469.0,67.0,2.0,3.0,4.05,5.0,0,2014,2013.5
77471.0,62.0,1.0,3.0,2.9,8.0,0,2014,2013.5
77488.0,80.0,2.0,3.0,,6.0,0,2014,2013.5
77489.0,74.0,1.0,3.0,3.74,5.0,0,2014,2013.5
77494.0,80.0,1.0,3.0,1.88,3.0,1,2014,2013.5
77511.0,80.0,1.0,4.0,0.86,2.0,1,2014,2013.5
77520.0,80.0,1.0,3.0,,7.0,0,2014,2013.5
77522.0,80.0,1.0,3.0,2.23,7.0,0,2014,2013.5
77524.0,65.0,2.0,3.0,5.0,8.0,0,2014,2013.5
77529.0,65.0,1.0,4.0,5.0,8.0,0,2014,2013.5
77535.0,72.0,1.0,6.0,3.48,4.0,1,2014,2013.5
77536.0,80.0,2.0,3.0,3.74,8.0,0,2014,2013.5
77541.0,60.0,1.0,3.0,5.0,9.0,0,2014,2013.5
77548.0,69.0,1.0,3.0,3.18,10.0,0,2014,2013.5
77560.0,60.0,2.0,4.0,5.0,9.0,0,2014,2013.5
77562.0,65.0,2.0,3.0,2.39,9.0,0,2014,2013.5
77586.0,65.0,1.0,3.0,5.0,5.0,0,2014,2013.5
77598.0,79.0,1.0,3.0,1.49,1.0,1,2014,2013.5
77609.0,61.0,2.0,6.0,2.31,9.0,0,2014,2013.5
77610.0,61.0,2.0,3.0,,7.0,0,2014,2013.5
77621.0,68.0,2.0,1.0,1.1,10.0,0,2014,2013.5
77622.0,75.0,2.0,3.0,3.26,8.0,0,2014,2013.5
77625.0,80.0,2.0,3.0,2.19,7.0,0,2014,2013.5
77634.0,67.0,2.0,1.0,0.32,5.0,0,2014,2013.5
77642.0,63.0,2.0,3.0,1.14,8.0,0,2014,2013.5
77644.0,60.0,1.0,3.0,5.0,7.0,0,2014,2013.5
77647.0,68.0,1.0,2.0,5.0,6.0,0,2014,2013.5
77654.0,70.0,2.0,1.0,,7.0,0,2014,2013.5
77659.0,76.0,2.0,3.0,2.53,5.0,0,2014,2013.5
77660.0,66.0,1.0,1.0,2.58,9.0,0,2014,2013.5
77661.0,80.0,2.0,4.0,5.0,9.0,0,2014,2013.5
77677.0,80.0,2.0,3.0,3.22,6.0,0,2014,2013.5
77684.0,80.0,1.0,3.0,1.97,4.0,1,2014,2013.5
77690.0,62.0,2.0,1.0,,2.0,1,2014,2013.5
77702.0,80.0,1.0,1.0,1.23,5.0,0,2014,2013.5
77705.0,63.0,1.0,3.0,5.0,8.0,0,2014,2013.5
77722.0,80.0,1.0,3.0,1.55,3.0,1,2014,2013.5
77728.0,80.0,1.0,2.0,0.51,2.0,1,2014,2013.5
77729.0,67.0,1.0,4.0,2.54,1.0,1,2014,2013.5
77733.0,65.0,1.0,1.0,1.29,4.0,1,2014,2013.5
77734.0,64.0,2.0,4.0,0.82,8.0,0,2014,2013.5
77741.0,73.0,2.0,3.0,2.09,6.0,0,2014,2013.5
77748.0,80.0,1.0,3.0,4.28,4.0,1,2014,2013.5
77758.0,67.0,2.0,3.0,1.89,8.0,0,2014,2013.5
77760.0,63.0,1.0,3.0,1.18,10.0,0,2014,2013.5
77768.0,62.0,1.0,2.0,4.35,4.0,1,2014,2013.5
77769.0,64.0,2.0,3.0,3.93,7.0,0,2014,2013.5
77773.0,80.0,2.0,3.0,2.39,6.0,0,2014,2013.5
77777.0,69.0,2.0,1.0,1.02,6.0,0,2014,2013.5
77786.0,75.0,1.0,1.0,,1.0,1,2014,2013.5
77789.0,75.0,1.0,3.0,1.46,10.0,0,2014,2013.5
77802.0,65.0,2.0,4.0,2.29,5.397605346934028e-79,1,2014,2013.5
77815.0,66.0,1.0,3.0,1.08,7.0,0,2014,2013.5
77822.0,77.0,1.0,3.0,1.2,7.0,0,2014,2013.5
77823.0,61.0,2.0,1.0,0.19,4.0,1,2014,2013.5
77824.0,80.0,2.0,4.0,,5.0,0,2014,2013.5
77831.0,61.0,1.0,6.0,,6.0,0,2014,2013.5
77832.0,67.0,2.0,2.0,1.72,9.0,0,2014,2013.5
77835.0,64.0,2.0,3.0,1.93,6.0,0,2014,2013.5
77847.0,61.0,1.0,4.0,1.27,5.0,0,2014,2013.5
77852.0,72.0,1.0,1.0,0.64,2.0,1,2014,2013.5
77866.0,60.0,1.0,4.0,5.0,7.0,0,2014,2013.5
77867.0,68.0,1.0,4.0,0.61,4.0,1,2014,2013.5
77870.0,76.0,1.0,1.0,0.77,4.0,1,2014,2013.5
77876.0,80.0,2.0,3.0,1.27,4.0,1,2014,2013.5
77880.0,63.0,1.0,1.0,2.9,7.0,0,2014,2013.5
77888.0,75.0,1.0,6.0,2.58,5.0,0,2014,2013.5
77892.0,80.0,1.0,3.0,3.46,6.0,0,2014,2013.5
77894.0,74.0,2.0,2.0,,6.0,0,2014,2013.5
77897.0,63.0,2.0,1.0,1.26,5.0,0,2014,2013.5
77902.0,80.0,2.0,3.0,,5.0,0,2014,2013.5
77905.0,63.0,2.0,4.0,0.46,6.0,0,2014,2013.5
77906.0,61.0,1.0,4.0,0.6,7.0,0,2014,2013.5
77909.0,78.0,2.0,7.0,1.41,5.0,0,2014,2013.5
77917.0,68.0,2.0,1.0,,7.0,0,2014,2013.5
77922.0,68.0,1.0,3.0,1.48,6.0,0,2014,2013.5
77937.0,73.0,2.0,3.0,,10.0,0,2014,2013.5
77938.0,72.0,1.0,6.0,2.9,8.0,0,2014,2013.5
77950.0,80.0,1.0,1.0,5.0,3.0,1,2014,2013.5
77966.0,64.0,1.0,2.0,1.93,3.0,1,2014,2013.5
77976.0,73.0,1.0,7.0,1.24,6.0,0,2014,2013.5
77979.0,69.0,2.0,6.0,0.12,5.0,0,2014,2013.5
77983.0,65.0,1.0,4.0,0.93,7.0,0,2014,2013.5
77990.0,66.0,1.0,2.0,1.29,7.0,0,2014,2013.5
77992.0,76.0,1.0,3.0,2.42,7.0,0,2014,2013.5
77994.0,64.0,1.0,1.0,0.72,4.0,1,2014,2013.5
78007.0,80.0,2.0,4.0,0.84,2.0,1,2014,2013.5
78009.0,80.0,1.0,4.0,1.39,5.0,0,2014,2013.5
78010.0,73.0,1.0,7.0,0.67,6.0,0,2014,2013.5
78019.0,65.0,1.0,1.0,1.87,7.0,0,2014,2013.5
78021.0,62.0,2.0,3.0,1.53,7.0,0,2014,2013.5
78028.0,64.0,1.0,1.0,5.0,4.0,1,2014,2013.5
78031.0,64.0,2.0,4.0,5.0,6.0,0,2014,2013.5
78033.0,61.0,2.0,3.0,1.64,7.0,0,2014,2013.5
78037.0,67.0,2.0,3.0,5.0,10.0,0,2014,2013.5
78042.0,63.0,2.0,3.0,4.54,8.0,0,2014,2013.5
78043.0,61.0,1.0,3.0,4.32,6.0,0,2014,2013.5
78047.0,72.0,2.0,3.0,2.65,5.0,0,2014,2013.5
78056.0,75.0,1.0,4.0,0.48,3.0,1,2014,2013.5
78063.0,77.0,2.0,3.0,1.76,4.0,1,2014,2013.5
78075.0,73.0,1.0,3.0,1.55,9.0,0,2014,2013.5
78081.0,63.0,2.0,2.0,4.84,8.0,0,2014,2013.5
78084.0,61.0,2.0,3.0,0.76,5.0,0,2014,2013.5
78086.0,80.0,1.0,4.0,0.84,2.0,1,2014,2013.5
78088.0,66.0,1.0,4.0,1.22,8.0,0,2014,2013.5
78089.0,62.0,1.0,2.0,2.43,5.0,0,2014,2013.5
78099.0,72.0,1.0,3.0,0.76,4.0,1,2014,2013.5
78100.0,80.0,1.0,4.0,0.84,6.0,0,2014,2013.5
78101.0,80.0,2.0,3.0,0.53,8.0,0,2014,2013.5
78103.0,63.0,1.0,2.0,,8.0,0,2014,2013.5
78104.0,61.0,1.0,1.0,0.69,3.0,1,2014,2013.5
78119.0,73.0,2.0,3.0,5.0,8.0,0,2014,2013.5
78127.0,67.0,1.0,6.0,3.81,5.0,0,2014,2013.5
78131.0,80.0,1.0,3.0,2.67,4.0,1,2014,2013.5
78138.0,66.0,1.0,3.0,4.77,8.0,0,2014,2013.5
78139.0,60.0,1.0,4.0,3.22,5.0,0,2014,2013.5
78144.0,73.0,2.0,1.0,1.18,7.0,0,2014,2013.5
78151.0,75.0,1.0,6.0,1.43,7.0,0,2014,2013.5
78167.0,76.0,1.0,3.0,4.13,7.0,0,2014,2013.5
78174.0,67.0,1.0,1.0,3.5,5.0,0,2014,2013.5
78175.0,60.0,2.0,2.0,,8.0,0,2014,2013.5
78176.0,61.0,2.0,3.0,5.0,7.0,0,2014,2013.5
78180.0,80.0,2.0,3.0,5.0,7.0,0,2014,2013.5
78183.0,63.0,1.0,3.0,5.0,9.0,0,2014,2013.5
78186.0,67.0,2.0,3.0,5.0,7.0,0,2014,2013.5
78192.0,66.0,1.0,4.0,4.84,8.0,0,2014,2013.5
78196.0,74.0,2.0,3.0,4.3,10.0,0,2014,2013.5
78200.0,66.0,2.0,4.0,2.23,3.0,1,2014,2013.5
78201.0,80.0,2.0,3.0,1.16,5.397605346934028e-79,1,2014,2013.5
78216.0,62.0,1.0,3.0,0.98,7.0,0,2014,2013.5
78217.0,66.0,1.0,6.0,5.0,8.0,0,2014,2013.5
78218.0,80.0,2.0,3.0,1.59,3.0,1,2014,2013.5
78227.0,76.0,2.0,3.0,1.92,7.0,0,2014,2013.5
78242.0,78.0,1.0,4.0,4.61,6.0,0,2014,2013.5
78245.0,72.0,2.0,6.0,5.0,8.0,0,2014,2013.5
78262.0,80.0,2.0,3.0,0.94,8.0,0,2014,2013.5
78274.0,77.0,2.0,3.0,2.03,9.0,0,2014,2013.5
78277.0,80.0,2.0,3.0,1.8,10.0,0,2014,2013.5
78288.0,70.0,2.0,3.0,1.11,10.0,0,2014,2013.5
78297.0,65.0,2.0,1.0,1.64,6.0,0,2014,2013.5
78301.0,75.0,1.0,3.0,1.93,4.0,1,2014,2013.5
78306.0,63.0,2.0,1.0,0.72,5.0,0,2014,2013.5
78313.0,63.0,2.0,3.0,3.75,10.0,0,2014,2013.5
78317.0,66.0,1.0,3.0,5.0,9.0,0,2014,2013.5
78319.0,80.0,2.0,4.0,1.71,1.0,1,2014,2013.5
78321.0,63.0,1.0,4.0,3.87,8.0,0,2014,2013.5
78328.0,66.0,1.0,7.0,0.93,6.0,0,2014,2013.5
78337.0,73.0,2.0,3.0,1.48,8.0,0,2014,2013.5
78372.0,80.0,2.0,3.0,,3.0,1,2014,2013.5
78376.0,65.0,2.0,4.0,3.07,3.0,1,2014,2013.5
78377.0,62.0,2.0,3.0,2.23,8.0,0,2014,2013.5
78392.0,67.0,2.0,3.0,2.26,9.0,0,2014,2013.5
78402.0,69.0,1.0,3.0,1.38,6.0,0,2014,2013.5
78403.0,80.0,2.0,3.0,5.0,6.0,0,2014,2013.5
78428.0,68.0,2.0,3.0,1.19,4.0,1,2014,2013.5
78431.0,80.0,2.0,3.0,1.89,6.0,0,2014,2013.5
78433.0,71.0,1.0,3.0,,3.0,1,2014,2013.5
78435.0,67.0,1.0,4.0,4.25,5.0,0,2014,2013.5
78443.0,62.0,2.0,4.0,5.0,10.0,0,2014,2013.5
78445.0,63.0,1.0,3.0,3.81,5.0,0,2014,2013.5
78465.0,68.0,2.0,3.0,0.08,8.0,0,2014,2013.5
78467.0,69.0,2.0,4.0,5.0,5.0,0,2014,2013.5
78473.0,60.0,1.0,4.0,0.22,8.0,0,2014,2013.5
78475.0,77.0,2.0,3.0,1.54,6.0,0,2014,2013.5
78481.0,71.0,2.0,3.0,5.0,5.0,0,2014,2013.5
78484.0,79.0,2.0,3.0,0.64,5.0,0,2014,2013.5
78486.0,60.0,2.0,6.0,5.0,6.0,0,2014,2013.5
78487.0,80.0,2.0,3.0,3.22,1.0,1,2014,2013.5
78497.0,64.0,1.0,4.0,3.22,3.0,1,2014,2013.5
78498.0,78.0,2.0,3.0,1.23,6.0,0,2014,2013.5
78503.0,72.0,2.0,6.0,0.87,7.0,0,2014,2013.5
78504.0,60.0,2.0,1.0,1.23,6.0,0,2014,2013.5
78521.0,70.0,1.0,6.0,1.56,7.0,0,2014,2013.5
78523.0,60.0,2.0,6.0,3.18,7.0,0,2014,2013.5
78527.0,72.0,2.0,3.0,1.37,7.0,0,2014,2013.5
78531.0,60.0,1.0,3.0,5.0,9.0,0,2014,2013.5
78534.0,67.0,2.0,2.0,,2.0,1,2014,2013.5
78535.0,80.0,2.0,4.0,0.77,5.0,0,2014,2013.5
78552.0,68.0,2.0,1.0,0.73,5.397605346934028e-79,1,2014,2013.5
78556.0,60.0,2.0,3.0,0.3,5.0,0,2014,2013.5
78557.0,70.0,2.0,3.0,1.02,2.0,1,2014,2013.5
78561.0,80.0,1.0,3.0,1.93,6.0,0,2014,2013.5
78579.0,71.0,1.0,3.0,3.81,4.0,1,2014,2013.5
78580.0,78.0,2.0,3.0,1.04,7.0,0,2014,2013.5
78591.0,70.0,2.0,3.0,0.97,7.0,0,2014,2013.5
78597.0,61.0,1.0,1.0,,4.0,1,2014,2013.5
78598.0,63.0,1.0,3.0,1.27,2.0,1,2014,2013.5
78612.0,60.0,2.0,1.0,1.02,7.0,0,2014,2013.5
78619.0,61.0,2.0,3.0,4.51,9.0,0,2014,2013.5
78627.0,69.0,1.0,3.0,5.0,7.0,0,2014,2013.5
78630.0,65.0,1.0,4.0,5.0,4.0,1,2014,2013.5
78640.0,66.0,1.0,2.0,2.03,9.0,0,2014,2013.5
78661.0,64.0,1.0,4.0,0.94,6.0,0,2014,2013.5
78667.0,63.0,1.0,3.0,3.87,6.0,0,2014,2013.5
78671.0,67.0,2.0,4.0,3.35,9.0,0,2014,2013.5
78674.0,61.0,2.0,3.0,4.13,10.0,0,2014,2013.5
78679.0,68.0,2.0,2.0,5.0,2.0,1,2014,2013.5
78700.0,80.0,1.0,3.0,2.9,9.0,0,2014,2013.5
78702.0,80.0,1.0,3.0,1.93,5.0,0,2014,2013.5
78714.0,64.0,2.0,3.0,1.71,9.0,0,2014,2013.5
78723.0,66.0,2.0,1.0,5.0,6.0,0,2014,2013.5
78727.0,70.0,2.0,3.0,2.26,5.0,0,2014,2013.5
78737.0,71.0,2.0,4.0,0.43,6.0,0,2014,2013.5
78747.0,70.0,2.0,3.0,1.55,6.0,0,2014,2013.5
78748.0,77.0,1.0,3.0,3.35,6.0,0,2014,2013.5
78754.0,79.0,2.0,4.0,0.45,3.0,1,2014,2013.5
78757.0,65.0,1.0,1.0,1.43,7.0,0,2014,2013.5
78778.0,64.0,2.0,3.0,3.92,10.0,0,2014,2013.5
78780.0,80.0,2.0,3.0,3.87,4.0,1,2014,2013.5
78789.0,75.0,1.0,3.0,1.09,4.0,1,2014,2013.5
78794.0,60.0,1.0,7.0,1.55,9.0,0,2014,2013.5
78796.0,64.0,2.0,4.0,0.86,8.0,0,2014,2013.5
78804.0,64.0,2.0,4.0,4.38,8.0,0,2014,2013.5
78820.0,76.0,1.0,3.0,3.81,7.0,0,2014,2013.5
78822.0,68.0,1.0,3.0,1.91,4.0,1,2014,2013.5
78825.0,67.0,2.0,2.0,3.48,3.0,1,2014,2013.5
78838.0,78.0,1.0,3.0,1.77,4.0,1,2014,2013.5
78844.0,67.0,2.0,3.0,0.69,5.0,0,2014,2013.5
78853.0,65.0,2.0,3.0,5.0,9.0,0,2014,2013.5
78854.0,67.0,1.0,4.0,2.02,8.0,0,2014,2013.5
78858.0,77.0,1.0,2.0,3.17,7.0,0,2014,2013.5
78865.0,61.0,2.0,2.0,0.74,2.0,1,2014,2013.5
78876.0,66.0,2.0,3.0,1.91,8.0,0,2014,2013.5
78882.0,70.0,2.0,3.0,2.9,8.0,0,2014,2013.5
78885.0,61.0,2.0,1.0,5.0,9.0,0,2014,2013.5
78892.0,62.0,1.0,1.0,,4.0,1,2014,2013.5
78897.0,63.0,2.0,4.0,2.69,2.0,1,2014,2013.5
78899.0,80.0,1.0,3.0,2.78,7.0,0,2014,2013.5
78902.0,63.0,1.0,2.0,1.13,6.0,0,2014,2013.5
78903.0,66.0,1.0,1.0,1.62,5.0,0,2014,2013.5
78905.0,61.0,1.0,2.0,0.75,6.0,0,2014,2013.5
78912.0,76.0,2.0,3.0,5.0,6.0,0,2014,2013.5
78916.0,60.0,2.0,4.0,4.19,7.0,0,2014,2013.5
78918.0,67.0,1.0,6.0,5.0,8.0,0,2014,2013.5
78928.0,80.0,2.0,3.0,0.71,9.0,0,2014,2013.5
78929.0,71.0,2.0,1.0,1.07,6.0,0,2014,2013.5
78938.0,65.0,2.0,6.0,,4.0,1,2014,2013.5
78947.0,80.0,2.0,3.0,4.19,8.0,0,2014,2013.5
78950.0,73.0,2.0,2.0,0.78,7.0,0,2014,2013.5
78951.0,80.0,2.0,3.0,1.03,6.0,0,2014,2013.5
78953.0,63.0,1.0,4.0,1.31,9.0,0,2014,2013.5
78968.0,63.0,2.0,3.0,3.94,3.0,1,2014,2013.5
78978.0,71.0,2.0,3.0,2.67,5.0,0,2014,2013.5
78980.0,68.0,2.0,3.0,0.63,8.0,0,2014,2013.5
78981.0,71.0,2.0,1.0,1.17,7.0,0,2014,2013.5
78989.0,68.0,1.0,4.0,3.05,4.0,1,2014,2013.5
78991.0,61.0,1.0,1.0,5.0,3.0,1,2014,2013.5
79011.0,80.0,2.0,3.0,2.96,6.0,0,2014,2013.5
79015.0,64.0,1.0,1.0,4.19,8.0,0,2014,2013.5
79016.0,80.0,1.0,3.0,4.93,8.0,0,2014,2013.5
79017.0,61.0,1.0,1.0,1.2,8.0,0,2014,2013.5
79031.0,68.0,1.0,4.0,4.84,8.0,0,2014,2013.5
79042.0,65.0,1.0,3.0,5.0,8.0,0,2014,2013.5
79048.0,80.0,1.0,3.0,5.0,2.0,1,2014,2013.5
79050.0,74.0,2.0,2.0,4.06,5.0,0,2014,2013.5
79077.0,80.0,1.0,3.0,2.15,4.0,1,2014,2013.5
79078.0,60.0,2.0,4.0,1.82,7.0,0,2014,2013.5
79080.0,76.0,2.0,2.0,1.54,7.0,0,2014,2013.5
79106.0,78.0,1.0,4.0,0.42,1.0,1,2014,2013.5
79113.0,66.0,1.0,4.0,5.0,6.0,0,2014,2013.5
79121.0,62.0,2.0,2.0,1.44,9.0,0,2014,2013.5
79128.0,64.0,2.0,4.0,2.61,8.0,0,2014,2013.5
79134.0,78.0,1.0,4.0,1.04,1.0,1,2014,2013.5
79135.0,60.0,1.0,1.0,0.64,6.0,0,2014,2013.5
79136.0,67.0,2.0,1.0,1.61,7.0,0,2014,2013.5
79138.0,60.0,2.0,4.0,2.06,8.0,0,2014,2013.5
79154.0,71.0,1.0,3.0,5.0,5.0,0,2014,2013.5
79162.0,80.0,1.0,3.0,5.0,7.0,0,2014,2013.5
79165.0,65.0,2.0,3.0,3.05,8.0,0,2014,2013.5
79171.0,74.0,2.0,3.0,1.55,8.0,0,2014,2013.5
79178.0,80.0,1.0,6.0,5.0,1.0,1,2014,2013.5
79179.0,80.0,2.0,3.0,,9.0,0,2014,2013.5
79180.0,69.0,2.0,1.0,1.91,7.0,0,2014,2013.5
79184.0,80.0,1.0,3.0,1.21,3.0,1,2014,2013.5
79185.0,79.0,1.0,4.0,2.09,5.397605346934028e-79,1,2014,2013.5
79186.0,80.0,2.0,2.0,2.06,3.0,1,2014,2013.5
79189.0,74.0,1.0,4.0,1.27,7.0,0,2014,2013.5
79191.0,60.0,2.0,3.0,5.0,9.0,0,2014,2013.5
79195.0,66.0,2.0,4.0,0.46,5.0,0,2014,2013.5
79199.0,80.0,2.0,1.0,0.73,4.0,1,2014,2013.5
79200.0,80.0,2.0,2.0,2.56,6.0,0,2014,2013.5
79201.0,75.0,1.0,3.0,0.45,6.0,0,2014,2013.5
79204.0,80.0,2.0,3.0,5.0,6.0,0,2014,2013.5
79206.0,72.0,1.0,3.0,0.96,5.397605346934028e-79,1,2014,2013.5
79214.0,80.0,2.0,4.0,,4.0,1,2014,2013.5
79216.0,80.0,2.0,3.0,5.0,6.0,0,2014,2013.5
79225.0,71.0,2.0,3.0,1.03,9.0,0,2014,2013.5
79240.0,67.0,1.0,4.0,2.58,8.0,0,2014,2013.5
79245.0,75.0,2.0,4.0,,8.0,0,2014,2013.5
79267.0,65.0,1.0,3.0,2.12,3.0,1,2014,2013.5
79270.0,66.0,2.0,4.0,1.39,7.0,0,2014,2013.5
79286.0,72.0,1.0,3.0,5.0,7.0,0,2014,2013.5
79288.0,79.0,2.0,3.0,1.21,3.0,1,2014,2013.5
79297.0,62.0,2.0,2.0,,5.0,0,2014,2013.5
79298.0,60.0,2.0,3.0,1.03,5.0,0,2014,2013.5
79310.0,70.0,1.0,3.0,1.14,3.0,1,2014,2013.5
79319.0,67.0,2.0,3.0,1.74,7.0,0,2014,2013.5
79322.0,70.0,1.0,3.0,1.26,10.0,0,2014,2013.5
79325.0,72.0,2.0,3.0,5.0,10.0,0,2014,2013.5
79328.0,80.0,2.0,3.0,0.84,5.0,0,2014,2013.5
79337.0,61.0,2.0,6.0,5.397605346934028e-79,7.0,0,2014,2013.5
79339.0,60.0,2.0,4.0,1.74,8.0,0,2014,2013.5
79351.0,62.0,1.0,3.0,5.0,8.0,0,2014,2013.5
79352.0,69.0,1.0,2.0,1.61,5.0,0,2014,2013.5
79358.0,67.0,1.0,4.0,5.0,4.0,1,2014,2013.5
79371.0,63.0,1.0,7.0,2.19,3.0,1,2014,2013.5
79377.0,72.0,1.0,4.0,,4.0,1,2014,2013.5
79388.0,67.0,2.0,6.0,1.03,9.0,0,2014,2013.5
79406.0,69.0,2.0,3.0,1.3,5.0,0,2014,2013.5
79408.0,70.0,2.0,3.0,5.0,6.0,0,2014,2013.5
79416.0,64.0,1.0,3.0,3.31,7.0,0,2014,2013.5
79417.0,80.0,1.0,3.0,4.93,6.0,0,2014,2013.5
79419.0,70.0,2.0,3.0,3.26,7.0,0,2014,2013.5
79432.0,73.0,1.0,6.0,1.27,7.0,0,2014,2013.5
79437.0,60.0,1.0,4.0,0.6,5.0,0,2014,2013.5
79440.0,73.0,2.0,4.0,0.77,7.0,0,2014,2013.5
79441.0,67.0,2.0,4.0,0.56,10.0,0,2014,2013.5
79445.0,80.0,1.0,3.0,5.0,4.0,1,2014,2013.5
79452.0,74.0,2.0,3.0,1.01,5.0,0,2014,2013.5
79457.0,68.0,1.0,3.0,3.48,5.0,0,2014,2013.5
79460.0,64.0,1.0,1.0,,8.0,0,2014,2013.5
79461.0,76.0,2.0,3.0,,6.0,0,2014,2013.5
79469.0,80.0,1.0,3.0,5.0,5.0,0,2014,2013.5
79476.0,66.0,2.0,4.0,1.93,9.0,0,2014,2013.5
79477.0,62.0,2.0,4.0,1.74,7.0,0,2014,2013.5
79481.0,72.0,1.0,4.0,,8.0,0,2014,2013.5
79486.0,72.0,2.0,3.0,0.97,2.0,1,2014,2013.5
79501.0,63.0,2.0,3.0,5.0,7.0,0,2014,2013.5
79503.0,68.0,2.0,6.0,3.48,7.0,0,2014,2013.5
79515.0,72.0,2.0,3.0,3.35,7.0,0,2014,2013.5
79521.0,60.0,1.0,3.0,5.0,10.0,0,2014,2013.5
79525.0,64.0,1.0,6.0,0.87,8.0,0,2014,2013.5
79533.0,60.0,1.0,4.0,1.03,10.0,0,2014,2013.5
79537.0,72.0,2.0,3.0,4.48,7.0,0,2014,2013.5
79546.0,63.0,2.0,4.0,,7.0,0,2014,2013.5
79547.0,63.0,1.0,4.0,0.72,8.0,0,2014,2013.5
79553.0,70.0,2.0,3.0,3.81,7.0,0,2014,2013.5
79557.0,73.0,2.0,3.0,1.55,7.0,0,2014,2013.5
79567.0,62.0,2.0,1.0,2.9,8.0,0,2014,2013.5
79577.0,80.0,2.0,3.0,1.57,6.0,0,2014,2013.5
79579.0,71.0,2.0,2.0,5.0,6.0,0,2014,2013.5
79586.0,65.0,1.0,4.0,1.6,5.0,0,2014,2013.5
79594.0,69.0,2.0,3.0,0.94,10.0,0,2014,2013.5
79597.0,61.0,1.0,3.0,1.51,5.0,0,2014,2013.5
79599.0,80.0,2.0,3.0,3.34,10.0,0,2014,2013.5
79610.0,66.0,2.0,3.0,2.04,6.0,0,2014,2013.5
79621.0,76.0,2.0,4.0,0.34,4.0,1,2014,2013.5
79629.0,70.0,1.0,1.0,2.42,5.0,0,2014,2013.5
79632.0,74.0,2.0,1.0,0.61,6.0,0,2014,2013.5
79639.0,61.0,2.0,3.0,1.27,6.0,0,2014,2013.5
79648.0,62.0,1.0,4.0,0.84,7.0,0,2014,2013.5
79656.0,76.0,1.0,3.0,3.12,1.0,1,2014,2013.5
79665.0,80.0,2.0,3.0,1.97,8.0,0,2014,2013.5
79672.0,69.0,2.0,3.0,4.13,7.0,0,2014,2013.5
79674.0,63.0,2.0,2.0,1.68,6.0,0,2014,2013.5
79677.0,68.0,2.0,3.0,1.64,8.0,0,2014,2013.5
79688.0,63.0,2.0,3.0,4.67,5.397605346934028e-79,1,2014,2013.5
79690.0,80.0,2.0,3.0,,5.0,0,2014,2013.5
79705.0,67.0,1.0,4.0,2.14,5.0,0,2014,2013.5
79709.0,72.0,1.0,3.0,3.81,6.0,0,2014,2013.5
79729.0,74.0,2.0,3.0,1.89,5.397605346934028e-79,1,2014,2013.5
79744.0,66.0,2.0,1.0,1.05,3.0,1,2014,2013.5
79764.0,69.0,2.0,3.0,,10.0,0,2014,2013.5
79778.0,62.0,2.0,3.0,2.53,10.0,0,2014,2013.5
79795.0,66.0,2.0,6.0,3.18,9.0,0,2014,2013.5
79810.0,75.0,1.0,6.0,5.0,5.397605346934028e-79,1,2014,2013.5
79812.0,65.0,1.0,3.0,1.01,6.0,0,2014,2013.5
79814.0,75.0,1.0,4.0,0.7,4.0,1,2014,2013.5
79816.0,78.0,1.0,1.0,2.19,5.0,0,2014,2013.5
79819.0,80.0,2.0,3.0,4.77,9.0,0,2014,2013.5
79825.0,70.0,1.0,4.0,3.83,5.0,0,2014,2013.5
79838.0,60.0,2.0,3.0,0.77,8.0,0,2014,2013.5
79840.0,80.0,2.0,3.0,1.55,8.0,0,2014,2013.5
79841.0,70.0,1.0,3.0,5.0,9.0,0,2014,2013.5
79849.0,75.0,2.0,3.0,4.13,7.0,0,2014,2013.5
79853.0,65.0,1.0,3.0,5.0,8.0,0,2014,2013.5
79878.0,77.0,2.0,3.0,2.78,10.0,0,2014,2013.5
79881.0,62.0,2.0,4.0,4.64,5.0,0,2014,2013.5
79884.0,62.0,2.0,3.0,1.46,9.0,0,2014,2013.5
79885.0,69.0,1.0,3.0,1.03,4.0,1,2014,2013.5
79887.0,69.0,1.0,4.0,0.77,1.0,1,2014,2013.5
79889.0,76.0,2.0,3.0,2.39,8.0,0,2014,2013.5
79891.0,62.0,1.0,4.0,1.74,6.0,0,2014,2013.5
79904.0,77.0,2.0,4.0,0.97,7.0,0,2014,2013.5
79913.0,63.0,1.0,3.0,2.19,7.0,0,2014,2013.5
79915.0,64.0,1.0,1.0,3.09,8.0,0,2014,2013.5
79917.0,66.0,2.0,3.0,1.05,7.0,0,2014,2013.5
79918.0,70.0,1.0,3.0,0.12,6.0,0,2014,2013.5
79919.0,62.0,2.0,2.0,1.57,7.0,0,2014,2013.5
79928.0,67.0,2.0,3.0,5.0,8.0,0,2014,2013.5
79929.0,60.0,2.0,1.0,0.65,5.397605346934028e-79,1,2014,2013.5
79933.0,72.0,2.0,1.0,0.7,2.0,1,2014,2013.5
79949.0,72.0,1.0,6.0,3.48,9.0,0,2014,2013.5
79951.0,72.0,2.0,3.0,2.48,8.0,0,2014,2013.5
79954.0,80.0,1.0,3.0,5.0,5.0,0,2014,2013.5
79958.0,70.0,2.0,3.0,5.0,8.0,0,2014,2013.5
79970.0,71.0,1.0,4.0,1.04,6.0,0,2014,2013.5
79977.0,74.0,1.0,3.0,5.0,6.0,0,2014,2013.5
79987.0,66.0,2.0,2.0,0.52,6.0,0,2014,2013.5
80007.0,73.0,1.0,4.0,0.7,1.0,1,2014,2013.5
80008.0,67.0,2.0,2.0,,5.0,0,2014,2013.5
80013.0,62.0,2.0,1.0,4.19,6.0,0,2014,2013.5
80014.0,80.0,1.0,3.0,5.0,3.0,1,2014,2013.5
80023.0,80.0,2.0,3.0,3.22,7.0,0,2014,2013.5
80030.0,63.0,1.0,6.0,5.0,10.0,0,2014,2013.5
80037.0,64.0,1.0,1.0,3.87,8.0,0,2014,2013.5
80040.0,70.0,2.0,4.0,0.81,4.0,1,2014,2013.5
80044.0,77.0,1.0,3.0,5.0,5.0,0,2014,2013.5
80063.0,80.0,1.0,4.0,3.03,5.0,0,2014,2013.5
80066.0,60.0,2.0,3.0,5.0,6.0,0,2014,2013.5
80067.0,65.0,1.0,2.0,0.42,7.0,0,2014,2013.5
80072.0,80.0,2.0,3.0,1.8,5.0,0,2014,2013.5
80080.0,70.0,2.0,3.0,5.0,8.0,0,2014,2013.5
80082.0,79.0,2.0,3.0,4.28,7.0,0,2014,2013.5
80084.0,80.0,2.0,3.0,2.39,4.0,1,2014,2013.5
80091.0,65.0,1.0,1.0,3.09,8.0,0,2014,2013.5
80092.0,65.0,2.0,6.0,3.22,5.0,0,2014,2013.5
80099.0,80.0,1.0,3.0,5.0,7.0,0,2014,2013.5
80105.0,62.0,1.0,4.0,1.43,5.0,0,2014,2013.5
80112.0,60.0,1.0,4.0,,8.0,0,2014,2013.5
80114.0,60.0,2.0,4.0,0.86,8.0,0,2014,2013.5
80115.0,80.0,1.0,4.0,1.29,5.0,0,2014,2013.5
80119.0,80.0,2.0,3.0,4.51,4.0,1,2014,2013.5
80120.0,65.0,2.0,3.0,0.51,9.0,0,2014,2013.5
80123.0,71.0,1.0,4.0,2.87,7.0,0,2014,2013.5
80124.0,70.0,1.0,3.0,1.03,7.0,0,2014,2013.5
80129.0,76.0,1.0,3.0,4.84,6.0,0,2014,2013.5
80133.0,80.0,1.0,4.0,5.0,1.0,1,2014,2013.5
80136.0,65.0,1.0,1.0,0.36,9.0,0,2014,2013.5
80148.0,80.0,1.0,1.0,0.61,3.0,1,2014,2013.5
80152.0,64.0,1.0,3.0,5.0,10.0,0,2014,2013.5
80163.0,63.0,2.0,3.0,1.38,9.0,0,2014,2013.5
80165.0,65.0,2.0,2.0,3.69,4.0,1,2014,2013.5
80175.0,64.0,1.0,4.0,1.77,8.0,0,2014,2013.5
80179.0,75.0,2.0,3.0,1.67,9.0,0,2014,2013.5
80181.0,69.0,2.0,4.0,2.4,9.0,0,2014,2013.5
80183.0,75.0,1.0,4.0,3.43,6.0,0,2014,2013.5
80185.0,61.0,1.0,1.0,1.28,4.0,1,2014,2013.5
80187.0,60.0,1.0,4.0,0.84,7.0,0,2014,2013.5
80199.0,61.0,2.0,4.0,4.35,8.0,0,2014,2013.5
80201.0,63.0,2.0,6.0,0.86,10.0,0,2014,2013.5
80203.0,67.0,1.0,6.0,,9.0,0,2014,2013.5
80205.0,75.0,1.0,3.0,1.29,7.0,0,2014,2013.5
80206.0,63.0,2.0,2.0,0.83,6.0,0,2014,2013.5
80218.0,72.0,2.0,3.0,,7.0,0,2014,2013.5
80241.0,61.0,2.0,2.0,0.56,8.0,0,2014,2013.5
80250.0,72.0,1.0,3.0,2.67,10.0,0,2014,2013.5
80252.0,64.0,2.0,3.0,3.17,8.0,0,2014,2013.5
80262.0,73.0,2.0,3.0,4.28,6.0,0,2014,2013.5
80266.0,69.0,2.0,3.0,4.48,6.0,0,2014,2013.5
80267.0,61.0,1.0,3.0,2.26,6.0,0,2014,2013.5
80268.0,71.0,1.0,6.0,2.46,9.0,0,2014,2013.5
80274.0,70.0,2.0,3.0,2.09,7.0,0,2014,2013.5
80288.0,64.0,1.0,3.0,1.43,6.0,0,2014,2013.5
80292.0,69.0,2.0,1.0,,9.0,0,2014,2013.5
80294.0,75.0,2.0,4.0,4.45,6.0,0,2014,2013.5
80296.0,64.0,2.0,4.0,1.97,9.0,0,2014,2013.5
80300.0,61.0,2.0,3.0,1.0,10.0,0,2014,2013.5
80307.0,75.0,2.0,3.0,0.95,10.0,0,2014,2013.5
80315.0,60.0,2.0,4.0,,7.0,0,2014,2013.5
80321.0,72.0,1.0,4.0,1.08,8.0,0,2014,2013.5
80328.0,71.0,2.0,3.0,1.57,9.0,0,2014,2013.5
80330.0,73.0,1.0,6.0,3.18,6.0,0,2014,2013.5
80340.0,61.0,1.0,4.0,5.0,7.0,0,2014,2013.5
80345.0,71.0,2.0,1.0,1.29,6.0,0,2014,2013.5
80355.0,70.0,2.0,2.0,0.89,4.0,1,2014,2013.5
80360.0,62.0,2.0,3.0,5.0,10.0,0,2014,2013.5
80362.0,60.0,2.0,3.0,5.0,8.0,0,2014,2013.5
80366.0,64.0,1.0,3.0,5.0,10.0,0,2014,2013.5
80379.0,67.0,1.0,3.0,2.57,8.0,0,2014,2013.5
80381.0,80.0,1.0,3.0,1.46,7.0,0,2014,2013.5
80382.0,78.0,1.0,4.0,1.56,9.0,0,2014,2013.5
80385.0,68.0,1.0,4.0,5.0,5.0,0,2014,2013.5
80388.0,60.0,2.0,6.0,2.06,9.0,0,2014,2013.5
80389.0,80.0,1.0,3.0,0.87,8.0,0,2014,2013.5
80390.0,65.0,2.0,6.0,5.0,10.0,0,2014,2013.5
80393.0,66.0,1.0,3.0,5.0,8.0,0,2014,2013.5
80394.0,60.0,1.0,3.0,3.09,7.0,0,2014,2013.5
80402.0,66.0,1.0,3.0,3.0,6.0,0,2014,2013.5
80417.0,60.0,2.0,2.0,0.58,6.0,0,2014,2013.5
80432.0,77.0,2.0,1.0,0.82,4.0,1,2014,2013.5
80434.0,62.0,2.0,4.0,2.31,8.0,0,2014,2013.5
80436.0,73.0,2.0,1.0,0.44,5.0,0,2014,2013.5
80454.0,63.0,1.0,2.0,5.397605346934028e-79,5.0,0,2014,2013.5
80469.0,74.0,2.0,3.0,5.0,7.0,0,2014,2013.5
80478.0,75.0,2.0,3.0,3.1,6.0,0,2014,2013.5
80479.0,62.0,1.0,6.0,5.0,8.0,0,2014,2013.5
80486.0,69.0,2.0,3.0,5.0,7.0,0,2014,2013.5
80491.0,73.0,2.0,3.0,5.0,8.0,0,2014,2013.5
80498.0,64.0,1.0,6.0,5.0,6.0,0,2014,2013.5
80512.0,69.0,2.0,3.0,0.87,6.0,0,2014,2013.5
80533.0,66.0,2.0,2.0,,7.0,0,2014,2013.5
80537.0,65.0,1.0,4.0,1.7,5.0,0,2014,2013.5
80538.0,80.0,1.0,3.0,2.23,8.0,0,2014,2013.5
80548.0,80.0,1.0,3.0,2.74,2.0,1,2014,2013.5
80549.0,76.0,1.0,6.0,2.06,8.0,0,2014,2013.5
80550.0,72.0,2.0,3.0,1.96,7.0,0,2014,2013.5
80555.0,75.0,1.0,3.0,1.54,7.0,0,2014,2013.5
80570.0,74.0,2.0,3.0,5.0,10.0,0,2014,2013.5
80573.0,63.0,2.0,2.0,5.0,8.0,0,2014,2013.5
80586.0,80.0,2.0,3.0,2.32,8.0,0,2014,2013.5
80593.0,63.0,1.0,6.0,3.18,6.0,0,2014,2013.5
80594.0,60.0,2.0,3.0,5.0,6.0,0,2014,2013.5
80595.0,66.0,2.0,1.0,1.16,7.0,0,2014,2013.5
80599.0,77.0,1.0,3.0,1.21,4.0,1,2014,2013.5
80601.0,71.0,2.0,4.0,1.27,3.0,1,2014,2013.5
80602.0,72.0,2.0,6.0,5.0,10.0,0,2014,2013.5
80613.0,62.0,2.0,4.0,0.48,6.0,0,2014,2013.5
80641.0,80.0,1.0,3.0,1.65,6.0,0,2014,2013.5
80651.0,64.0,2.0,6.0,,1.0,1,2014,2013.5
80652.0,60.0,1.0,4.0,2.26,8.0,0,2014,2013.5
80676.0,72.0,2.0,3.0,0.77,5.0,0,2014,2013.5
80682.0,80.0,2.0,1.0,0.85,5.397605346934028e-79,1,2014,2013.5
80689.0,70.0,1.0,3.0,2.54,6.0,0,2014,2013.5
80699.0,73.0,1.0,4.0,3.81,8.0,0,2014,2013.5
80707.0,72.0,1.0,3.0,4.45,6.0,0,2014,2013.5
80708.0,66.0,2.0,3.0,2.19,4.0,1,2014,2013.5
80717.0,80.0,1.0,3.0,1.93,3.0,1,2014,2013.5
80719.0,80.0,2.0,3.0,3.13,7.0,0,2014,2013.5
80722.0,63.0,2.0,7.0,5.397605346934028e-79,4.0,1,2014,2013.5
80723.0,80.0,1.0,3.0,1.29,5.397605346934028e-79,1,2014,2013.5
80743.0,70.0,1.0,3.0,1.77,6.0,0,2014,2013.5
80749.0,62.0,2.0,1.0,0.54,8.0,0,2014,2013.5
80750.0,80.0,2.0,3.0,1.04,5.0,0,2014,2013.5
80754.0,67.0,1.0,1.0,1.38,6.0,0,2014,2013.5
80758.0,65.0,2.0,1.0,2.87,8.0,0,2014,2013.5
80769.0,61.0,1.0,3.0,3.48,8.0,0,2014,2013.5
80770.0,69.0,1.0,4.0,2.1,8.0,0,2014,2013.5
80774.0,76.0,2.0,3.0,1.02,6.0,0,2014,2013.5
80781.0,62.0,2.0,2.0,1.13,4.0,1,2014,2013.5
80786.0,80.0,2.0,3.0,0.62,5.0,0,2014,2013.5
80792.0,76.0,2.0,4.0,1.91,5.397605346934028e-79,1,2014,2013.5
80800.0,71.0,1.0,4.0,5.0,9.0,0,2014,2013.5
80804.0,67.0,2.0,2.0,1.65,2.0,1,2014,2013.5
80817.0,80.0,1.0,4.0,3.86,4.0,1,2014,2013.5
80822.0,80.0,1.0,3.0,2.5,4.0,1,2014,2013.5
80831.0,71.0,2.0,3.0,1.59,3.0,1,2014,2013.5
80836.0,64.0,1.0,3.0,3.09,6.0,0,2014,2013.5
80841.0,80.0,1.0,3.0,2.53,2.0,1,2014,2013.5
80842.0,62.0,2.0,3.0,3.18,10.0,0,2014,2013.5
80843.0,77.0,2.0,4.0,2.67,5.397605346934028e-79,1,2014,2013.5
80846.0,80.0,2.0,3.0,1.02,8.0,0,2014,2013.5
80858.0,65.0,1.0,3.0,4.67,9.0,0,2014,2013.5
80859.0,75.0,2.0,4.0,0.69,8.0,0,2014,2013.5
80868.0,61.0,2.0,2.0,3.63,8.0,0,2014,2013.5
80872.0,66.0,1.0,6.0,,4.0,1,2014,2013.5
80878.0,65.0,2.0,1.0,3.06,8.0,0,2014,2013.5
80884.0,60.0,1.0,4.0,1.63,6.0,0,2014,2013.5
80889.0,80.0,1.0,3.0,5.0,5.0,0,2014,2013.5
80890.0,65.0,2.0,3.0,1.08,4.0,1,2014,2013.5
80894.0,67.0,2.0,3.0,2.82,10.0,0,2014,2013.5
80900.0,66.0,1.0,1.0,,5.0,0,2014,2013.5
80904.0,61.0,1.0,3.0,5.0,5.0,0,2014,2013.5
80915.0,66.0,2.0,1.0,2.05,9.0,0,2014,2013.5
80928.0,62.0,2.0,4.0,3.58,8.0,0,2014,2013.5
80929.0,65.0,2.0,3.0,3.48,9.0,0,2014,2013.5
80930.0,73.0,1.0,6.0,5.0,8.0,0,2014,2013.5
80934.0,65.0,1.0,2.0,0.58,6.0,0,2014,2013.5
80943.0,78.0,2.0,3.0,1.83,4.0,1,2014,2013.5
80946.0,60.0,1.0,3.0,5.0,2.0,1,2014,2013.5
80960.0,71.0,1.0,3.0,1.06,5.0,0,2014,2013.5
80962.0,72.0,2.0,4.0,1.53,9.0,0,2014,2013.5
80987.0,80.0,2.0,3.0,2.74,5.0,0,2014,2013.5
80988.0,65.0,2.0,1.0,2.18,8.0,0,2014,2013.5
81011.0,60.0,2.0,1.0,3.74,10.0,0,2014,2013.5
81025.0,69.0,2.0,1.0,0.35,9.0,0,2014,2013.5
81026.0,80.0,2.0,3.0,2.57,5.397605346934028e-79,1,2014,2013.5
81030.0,60.0,1.0,3.0,,6.0,0,2014,2013.5
81032.0,71.0,1.0,4.0,1.03,6.0,0,2014,2013.5
81039.0,64.0,1.0,4.0,0.84,7.0,0,2014,2013.5
81042.0,63.0,1.0,1.0,5.0,4.0,1,2014,2013.5
81054.0,66.0,2.0,6.0,1.27,8.0,0,2014,2013.5
81063.0,80.0,2.0,3.0,1.83,6.0,0,2014,2013.5
81079.0,76.0,1.0,3.0,1.16,5.0,0,2014,2013.5
81082.0,60.0,2.0,2.0,,7.0,0,2014,2013.5
81100.0,80.0,2.0,3.0,1.38,6.0,0,2014,2013.5
81103.0,80.0,1.0,4.0,2.67,5.0,0,2014,2013.5
81104.0,67.0,2.0,4.0,0.81,9.0,0,2014,2013.5
81109.0,77.0,2.0,4.0,0.75,7.0,0,2014,2013.5
81111.0,77.0,2.0,3.0,3.68,5.0,0,2014,2013.5
81115.0,60.0,1.0,2.0,5.0,6.0,0,2014,2013.5
81121.0,61.0,1.0,4.0,1.22,2.0,1,2014,2013.5
81134.0,75.0,2.0,3.0,1.46,6.0,0,2014,2013.5
81141.0,70.0,1.0,7.0,1.21,5.0,0,2014,2013.5
81142.0,60.0,2.0,4.0,5.0,9.0,0,2014,2013.5
81148.0,73.0,2.0,4.0,2.67,8.0,0,2014,2013.5
81162.0,80.0,2.0,6.0,2.53,5.397605346934028e-79,1,2014,2013.5
81163.0,79.0,2.0,4.0,1.59,5.0,0,2014,2013.5
81175.0,80.0,1.0,4.0,4.45,7.0,0,2014,2013.5
81203.0,62.0,1.0,3.0,5.0,10.0,0,2014,2013.5
81204.0,65.0,2.0,4.0,,7.0,0,2014,2013.5
81210.0,69.0,2.0,3.0,5.0,10.0,0,2014,2013.5
81221.0,68.0,2.0,2.0,5.0,8.0,0,2014,2013.5
81226.0,65.0,1.0,4.0,0.66,5.0,0,2014,2013.5
81228.0,65.0,2.0,3.0,5.0,9.0,0,2014,2013.5
81229.0,74.0,1.0,1.0,0.29,4.0,1,2014,2013.5
81234.0,67.0,1.0,1.0,,4.0,1,2014,2013.5
81248.0,68.0,2.0,3.0,1.08,8.0,0,2014,2013.5
81251.0,80.0,2.0,3.0,1.74,1.0,1,2014,2013.5
81259.0,75.0,1.0,3.0,3.92,5.0,0,2014,2013.5
81262.0,71.0,2.0,3.0,5.0,7.0,0,2014,2013.5
81267.0,75.0,2.0,2.0,3.92,5.0,0,2014,2013.5
81269.0,80.0,2.0,3.0,1.34,7.0,0,2014,2013.5
81282.0,61.0,2.0,3.0,3.54,5.397605346934028e-79,1,2014,2013.5
81283.0,67.0,2.0,1.0,2.58,7.0,0,2014,2013.5
81284.0,64.0,2.0,2.0,1.61,8.0,0,2014,2013.5
81285.0,74.0,2.0,1.0,,7.0,0,2014,2013.5
81288.0,71.0,2.0,6.0,1.31,8.0,0,2014,2013.5
81296.0,63.0,2.0,3.0,1.06,8.0,0,2014,2013.5
81297.0,80.0,1.0,3.0,3.34,5.0,0,2014,2013.5
81298.0,72.0,1.0,6.0,,6.0,0,2014,2013.5
81302.0,69.0,2.0,3.0,1.39,4.0,1,2014,2013.5
81311.0,68.0,1.0,1.0,,5.0,0,2014,2013.5
81329.0,63.0,2.0,4.0,2.77,8.0,0,2014,2013.5
81332.0,61.0,2.0,4.0,1.03,10.0,0,2014,2013.5
81343.0,65.0,2.0,6.0,,10.0,0,2014,2013.5
81345.0,63.0,2.0,4.0,2.71,7.0,0,2014,2013.5
81353.0,76.0,1.0,3.0,5.0,6.0,0,2014,2013.5
81357.0,66.0,2.0,3.0,1.22,5.0,0,2014,2013.5
81358.0,77.0,2.0,4.0,0.77,7.0,0,2014,2013.5
81368.0,65.0,2.0,3.0,2.23,8.0,0,2014,2013.5
81377.0,80.0,1.0,3.0,3.61,9.0,0,2014,2013.5
81382.0,71.0,1.0,1.0,4.84,6.0,0,2014,2013.5
81385.0,69.0,1.0,3.0,5.0,7.0,0,2014,2013.5
81391.0,64.0,1.0,4.0,0.89,6.0,0,2014,2013.5
81409.0,65.0,2.0,7.0,2.6,6.0,0,2014,2013.5
81412.0,67.0,1.0,4.0,1.71,5.0,0,2014,2013.5
81415.0,80.0,1.0,4.0,5.0,2.0,1,2014,2013.5
81416.0,80.0,1.0,3.0,0.85,5.397605346934028e-79,1,2014,2013.5
81418.0,61.0,2.0,4.0,1.02,9.0,0,2014,2013.5
81429.0,65.0,2.0,3.0,5.0,6.0,0,2014,2013.5
81430.0,62.0,1.0,3.0,3.81,9.0,0,2014,2013.5
81436.0,80.0,2.0,3.0,0.77,6.0,0,2014,2013.5
81447.0,69.0,2.0,3.0,0.66,4.0,1,2014,2013.5
81452.0,60.0,1.0,3.0,5.0,7.0,0,2014,2013.5
81456.0,80.0,1.0,3.0,3.18,5.0,0,2014,2013.5
81464.0,68.0,2.0,3.0,4.93,8.0,0,2014,2013.5
81465.0,68.0,2.0,6.0,0.84,7.0,0,2014,2013.5
81468.0,74.0,1.0,3.0,5.0,5.0,0,2014,2013.5
81474.0,78.0,2.0,3.0,3.13,6.0,0,2014,2013.5
81477.0,70.0,2.0,3.0,2.42,9.0,0,2014,2013.5
81486.0,74.0,1.0,3.0,5.0,7.0,0,2014,2013.5
81495.0,74.0,2.0,3.0,,10.0,0,2014,2013.5
81497.0,72.0,2.0,6.0,2.9,10.0,0,2014,2013.5
81504.0,80.0,1.0,2.0,1.54,5.0,0,2014,2013.5
81512.0,69.0,1.0,6.0,3.22,6.0,0,2014,2013.5
81516.0,60.0,2.0,4.0,5.0,5.0,0,2014,2013.5
81522.0,63.0,2.0,4.0,,5.0,0,2014,2013.5
81524.0,73.0,1.0,2.0,1.89,3.0,1,2014,2013.5
81530.0,73.0,2.0,7.0,3.81,7.0,0,2014,2013.5
81547.0,60.0,2.0,3.0,0.5,9.0,0,2014,2013.5
81548.0,69.0,1.0,4.0,2.29,4.0,1,2014,2013.5
81552.0,62.0,2.0,4.0,,7.0,0,2014,2013.5
81573.0,64.0,2.0,4.0,0.21,5.0,0,2014,2013.5
81578.0,60.0,1.0,3.0,5.0,9.0,0,2014,2013.5
81579.0,73.0,2.0,1.0,0.5,5.0,0,2014,2013.5
81580.0,68.0,2.0,3.0,2.23,3.0,1,2014,2013.5
81581.0,80.0,1.0,6.0,,8.0,0,2014,2013.5
81582.0,72.0,1.0,6.0,1.27,5.0,0,2014,2013.5
81587.0,66.0,2.0,3.0,0.84,5.0,0,2014,2013.5
81593.0,68.0,1.0,2.0,1.1,5.0,0,2014,2013.5
81594.0,60.0,1.0,6.0,2.65,9.0,0,2014,2013.5
81595.0,80.0,1.0,3.0,4.13,9.0,0,2014,2013.5
81600.0,70.0,2.0,3.0,5.0,3.0,1,2014,2013.5
81601.0,65.0,1.0,4.0,1.29,5.0,0,2014,2013.5
81603.0,76.0,2.0,3.0,1.54,6.0,0,2014,2013.5
81610.0,60.0,1.0,1.0,,9.0,0,2014,2013.5
81622.0,65.0,2.0,2.0,3.09,5.0,0,2014,2013.5
81623.0,63.0,2.0,6.0,2.46,9.0,0,2014,2013.5
81624.0,62.0,2.0,3.0,1.19,6.0,0,2014,2013.5
81628.0,66.0,2.0,2.0,4.35,9.0,0,2014,2013.5
81636.0,79.0,1.0,3.0,5.0,9.0,0,2014,2013.5
81640.0,70.0,2.0,3.0,1.39,7.0,0,2014,2013.5
81648.0,63.0,2.0,3.0,3.26,9.0,0,2014,2013.5
81654.0,67.0,1.0,3.0,3.87,8.0,0,2014,2013.5
81660.0,80.0,1.0,3.0,1.91,4.0,1,2014,2013.5
81671.0,65.0,1.0,4.0,1.82,10.0,0,2014,2013.5
81674.0,74.0,2.0,3.0,1.91,8.0,0,2014,2013.5
81675.0,74.0,2.0,3.0,3.48,10.0,0,2014,2013.5
81677.0,60.0,1.0,2.0,3.35,10.0,0,2014,2013.5
81694.0,80.0,2.0,4.0,1.7,6.0,0,2014,2013.5
81703.0,63.0,1.0,4.0,1.29,5.0,0,2014,2013.5
81709.0,80.0,1.0,3.0,3.0,2.0,1,2014,2013.5
81712.0,66.0,1.0,2.0,3.81,5.0,0,2014,2013.5
81733.0,73.0,2.0,4.0,1.29,5.0,0,2014,2013.5
81736.0,76.0,2.0,3.0,4.84,4.0,1,2014,2013.5
81737.0,70.0,1.0,4.0,4.11,1.0,1,2014,2013.5
81742.0,63.0,1.0,3.0,5.0,6.0,0,2014,2013.5
81743.0,80.0,1.0,3.0,1.89,6.0,0,2014,2013.5
81763.0,61.0,2.0,3.0,1.23,5.0,0,2014,2013.5
81764.0,74.0,1.0,1.0,,7.0,0,2014,2013.5
81777.0,63.0,2.0,3.0,5.0,7.0,0,2014,2013.5
81779.0,63.0,2.0,2.0,0.58,7.0,0,2014,2013.5
81794.0,80.0,2.0,3.0,5.0,5.0,0,2014,2013.5
81797.0,74.0,2.0,3.0,1.68,8.0,0,2014,2013.5
81798.0,71.0,1.0,3.0,1.8,9.0,0,2014,2013.5
81812.0,64.0,2.0,3.0,3.87,8.0,0,2014,2013.5
81813.0,63.0,2.0,4.0,3.07,5.397605346934028e-79,1,2014,2013.5
81814.0,67.0,1.0,3.0,5.0,6.0,0,2014,2013.5
81815.0,75.0,1.0,2.0,0.93,5.0,0,2014,2013.5
81818.0,75.0,1.0,3.0,,5.0,0,2014,2013.5
81820.0,65.0,1.0,4.0,1.85,6.0,0,2014,2013.5
81823.0,64.0,1.0,3.0,1.04,5.0,0,2014,2013.5
81824.0,78.0,1.0,3.0,1.92,4.0,1,2014,2013.5
81826.0,69.0,2.0,4.0,3.43,8.0,0,2014,2013.5
81827.0,73.0,2.0,3.0,5.0,5.0,0,2014,2013.5
81831.0,72.0,2.0,7.0,1.77,5.0,0,2014,2013.5
81833.0,72.0,1.0,3.0,5.0,9.0,0,2014,2013.5
81842.0,73.0,2.0,3.0,1.77,8.0,0,2014,2013.5
81845.0,75.0,1.0,3.0,1.37,2.0,1,2014,2013.5
81850.0,67.0,1.0,4.0,3.35,9.0,0,2014,2013.5
81851.0,73.0,1.0,3.0,1.38,4.0,1,2014,2013.5
81871.0,80.0,2.0,3.0,3.0,7.0,0,2014,2013.5
81872.0,80.0,1.0,3.0,2.18,4.0,1,2014,2013.5
81875.0,70.0,2.0,1.0,1.01,5.0,0,2014,2013.5
81887.0,80.0,1.0,3.0,1.03,4.0,1,2014,2013.5
81890.0,67.0,2.0,2.0,0.35,5.0,0,2014,2013.5
81895.0,64.0,2.0,4.0,1.79,5.0,0,2014,2013.5
81896.0,80.0,2.0,3.0,1.27,5.0,0,2014,2013.5
81933.0,80.0,2.0,7.0,0.73,5.0,0,2014,2013.5
81934.0,61.0,2.0,2.0,3.87,7.0,0,2014,2013.5
81959.0,77.0,1.0,3.0,5.0,7.0,0,2014,2013.5
81978.0,63.0,2.0,3.0,3.09,7.0,0,2014,2013.5
81983.0,72.0,2.0,4.0,5.0,4.0,1,2014,2013.5
81987.0,80.0,2.0,6.0,1.14,5.0,0,2014,2013.5
81988.0,65.0,1.0,3.0,0.93,9.0,0,2014,2013.5
81994.0,80.0,1.0,3.0,2.61,5.0,0,2014,2013.5
81995.0,74.0,1.0,6.0,,6.0,0,2014,2013.5
81997.0,80.0,1.0,3.0,1.02,7.0,0,2014,2013.5
82005.0,68.0,1.0,6.0,1.61,9.0,0,2014,2013.5
82012.0,71.0,2.0,3.0,3.18,8.0,0,2014,2013.5
82019.0,62.0,1.0,4.0,4.77,7.0,0,2014,2013.5
82025.0,78.0,2.0,3.0,5.0,10.0,0,2014,2013.5
82026.0,68.0,1.0,4.0,2.3,6.0,0,2014,2013.5
82027.0,80.0,1.0,3.0,2.57,5.0,0,2014,2013.5
82031.0,80.0,2.0,3.0,1.46,9.0,0,2014,2013.5
82041.0,66.0,2.0,3.0,1.01,8.0,0,2014,2013.5
82046.0,80.0,1.0,3.0,5.0,2.0,1,2014,2013.5
82047.0,64.0,1.0,3.0,1.29,5.0,0,2014,2013.5
82052.0,60.0,2.0,3.0,,10.0,0,2014,2013.5
82055.0,77.0,1.0,3.0,,4.0,1,2014,2013.5
82056.0,76.0,1.0,2.0,1.54,1.0,1,2014,2013.5
82061.0,80.0,2.0,4.0,,7.0,0,2014,2013.5
82091.0,69.0,2.0,4.0,1.91,6.0,0,2014,2013.5
82098.0,64.0,1.0,1.0,1.51,7.0,0,2014,2013.5
82108.0,61.0,1.0,2.0,2.68,5.397605346934028e-79,1,2014,2013.5
82113.0,69.0,1.0,3.0,1.29,5.0,0,2014,2013.5
82125.0,69.0,2.0,3.0,1.71,6.0,0,2014,2013.5
82130.0,67.0,2.0,4.0,0.7,7.0,0,2014,2013.5
82131.0,73.0,2.0,2.0,0.04,3.0,1,2014,2013.5
82133.0,61.0,2.0,3.0,5.0,6.0,0,2014,2013.5
82138.0,61.0,1.0,4.0,3.95,8.0,0,2014,2013.5
82143.0,73.0,1.0,3.0,5.0,8.0,0,2014,2013.5
82158.0,61.0,1.0,3.0,5.0,9.0,0,2014,2013.5
82160.0,60.0,2.0,4.0,1.91,9.0,0,2014,2013.5
82162.0,68.0,1.0,3.0,3.89,7.0,0,2014,2013.5
82167.0,70.0,1.0,3.0,5.0,10.0,0,2014,2013.5
82170.0,62.0,2.0,6.0,5.0,10.0,0,2014,2013.5
82171.0,64.0,1.0,3.0,1.29,7.0,0,2014,2013.5
82173.0,63.0,2.0,3.0,3.22,8.0,0,2014,2013.5
82177.0,80.0,1.0,3.0,1.16,3.0,1,2014,2013.5
82181.0,60.0,2.0,3.0,4.51,8.0,0,2014,2013.5
82182.0,66.0,2.0,3.0,5.0,6.0,0,2014,2013.5
82184.0,72.0,1.0,3.0,1.2,5.0,0,2014,2013.5
82191.0,76.0,2.0,3.0,1.46,7.0,0,2014,2013.5
82201.0,80.0,2.0,2.0,1.53,4.0,1,2014,2013.5
82204.0,80.0,1.0,3.0,2.79,7.0,0,2014,2013.5
82212.0,80.0,2.0,3.0,1.03,7.0,0,2014,2013.5
82226.0,80.0,1.0,4.0,,5.397605346934028e-79,1,2014,2013.5
82227.0,79.0,2.0,3.0,5.0,10.0,0,2014,2013.5
82235.0,73.0,2.0,3.0,1.08,9.0,0,2014,2013.5
82238.0,66.0,2.0,4.0,2.54,6.0,0,2014,2013.5
82254.0,77.0,1.0,3.0,2.58,7.0,0,2014,2013.5
82277.0,71.0,2.0,4.0,3.26,9.0,0,2014,2013.5
82291.0,62.0,2.0,3.0,5.0,9.0,0,2014,2013.5
82295.0,80.0,1.0,3.0,1.38,3.0,1,2014,2013.5
82300.0,80.0,2.0,3.0,1.74,7.0,0,2014,2013.5
82307.0,73.0,2.0,3.0,1.77,8.0,0,2014,2013.5
82316.0,73.0,1.0,1.0,,8.0,0,2014,2013.5
82343.0,66.0,2.0,3.0,5.0,10.0,0,2014,2013.5
82344.0,70.0,1.0,4.0,1.06,4.0,1,2014,2013.5
82351.0,65.0,1.0,4.0,1.15,8.0,0,2014,2013.5
82355.0,70.0,2.0,2.0,2.05,7.0,0,2014,2013.5
82356.0,63.0,2.0,4.0,3.18,7.0,0,2014,2013.5
82381.0,80.0,2.0,3.0,,5.397605346934028e-79,1,2014,2013.5
82383.0,62.0,1.0,1.0,1.65,6.0,0,2014,2013.5
82384.0,65.0,2.0,3.0,5.0,6.0,0,2014,2013.5
82402.0,65.0,1.0,6.0,5.0,9.0,0,2014,2013.5
82403.0,80.0,1.0,3.0,5.0,4.0,1,2014,2013.5
82406.0,73.0,1.0,4.0,1.04,1.0,1,2014,2013.5
82409.0,63.0,1.0,3.0,1.24,9.0,0,2014,2013.5
82414.0,68.0,1.0,4.0,2.53,4.0,1,2014,2013.5
82424.0,70.0,2.0,3.0,0.82,8.0,0,2014,2013.5
82432.0,60.0,1.0,4.0,,5.0,0,2014,2013.5
82434.0,70.0,2.0,1.0,,5.0,0,2014,2013.5
82435.0,80.0,1.0,3.0,,4.0,1,2014,2013.5
82436.0,61.0,1.0,1.0,2.27,5.0,0,2014,2013.5
82440.0,63.0,2.0,3.0,5.0,7.0,0,2014,2013.5
82441.0,80.0,2.0,3.0,5.0,3.0,1,2014,2013.5
82446.0,66.0,1.0,3.0,1.59,10.0,0,2014,2013.5
82459.0,80.0,2.0,3.0,3.86,3.0,1,2014,2013.5
82464.0,62.0,1.0,3.0,4.28,5.0,0,2014,2013.5
82466.0,80.0,1.0,3.0,4.35,3.0,1,2014,2013.5
82482.0,80.0,2.0,4.0,3.76,4.0,1,2014,2013.5
82488.0,63.0,1.0,3.0,5.0,4.0,1,2014,2013.5
82504.0,73.0,1.0,2.0,0.73,5.0,0,2014,2013.5
82507.0,72.0,1.0,3.0,0.72,10.0,0,2014,2013.5
82509.0,63.0,1.0,1.0,1.27,9.0,0,2014,2013.5
82521.0,70.0,2.0,3.0,2.42,10.0,0,2014,2013.5
82535.0,64.0,2.0,3.0,4.45,8.0,0,2014,2013.5
82541.0,78.0,2.0,3.0,2.23,6.0,0,2014,2013.5
82542.0,66.0,1.0,1.0,1.02,5.0,0,2014,2013.5
82547.0,65.0,2.0,6.0,3.28,10.0,0,2014,2013.5
82564.0,74.0,2.0,4.0,1.46,7.0,0,2014,2013.5
82565.0,71.0,1.0,3.0,0.92,6.0,0,2014,2013.5
82566.0,70.0,1.0,3.0,5.0,9.0,0,2014,2013.5
82570.0,80.0,1.0,4.0,1.13,4.0,1,2014,2013.5
82572.0,80.0,1.0,3.0,0.87,1.0,1,2014,2013.5
82576.0,80.0,2.0,3.0,1.37,7.0,0,2014,2013.5
82579.0,64.0,2.0,3.0,2.43,8.0,0,2014,2013.5
82582.0,71.0,1.0,4.0,0.84,5.397605346934028e-79,1,2014,2013.5
82596.0,73.0,1.0,2.0,2.19,6.0,0,2014,2013.5
82608.0,78.0,1.0,1.0,0.65,3.0,1,2014,2013.5
82610.0,72.0,1.0,3.0,5.0,8.0,0,2014,2013.5
82616.0,63.0,1.0,1.0,0.77,3.0,1,2014,2013.5
82619.0,69.0,1.0,3.0,,9.0,0,2014,2013.5
82635.0,62.0,2.0,6.0,5.0,10.0,0,2014,2013.5
82637.0,80.0,1.0,3.0,2.09,5.0,0,2014,2013.5
82642.0,66.0,2.0,2.0,0.2,6.0,0,2014,2013.5
82651.0,78.0,1.0,4.0,0.75,3.0,1,2014,2013.5
82652.0,73.0,1.0,6.0,3.84,7.0,0,2014,2013.5
82657.0,66.0,2.0,3.0,2.18,8.0,0,2014,2013.5
82675.0,71.0,1.0,3.0,1.93,8.0,0,2014,2013.5
82677.0,80.0,2.0,1.0,,5.397605346934028e-79,1,2014,2013.5
82698.0,74.0,1.0,4.0,4.51,3.0,1,2014,2013.5
82702.0,64.0,2.0,4.0,2.9,5.0,0,2014,2013.5
82705.0,76.0,2.0,4.0,3.03,5.0,0,2014,2013.5
82708.0,78.0,2.0,3.0,5.0,1.0,1,2014,2013.5
82709.0,61.0,2.0,3.0,0.1,8.0,0,2014,2013.5
82710.0,61.0,2.0,3.0,5.0,7.0,0,2014,2013.5
82723.0,74.0,2.0,3.0,0.85,5.0,0,2014,2013.5
82727.0,77.0,1.0,3.0,5.0,7.0,0,2014,2013.5
82737.0,66.0,2.0,4.0,0.33,4.0,1,2014,2013.5
82740.0,65.0,1.0,4.0,3.0,7.0,0,2014,2013.5
82741.0,70.0,1.0,3.0,0.73,6.0,0,2014,2013.5
82749.0,64.0,1.0,3.0,3.94,10.0,0,2014,2013.5
82757.0,80.0,1.0,3.0,1.13,3.0,1,2014,2013.5
82772.0,60.0,2.0,3.0,3.1,9.0,0,2014,2013.5
82773.0,67.0,1.0,1.0,1.27,7.0,0,2014,2013.5
82779.0,63.0,2.0,3.0,5.0,6.0,0,2014,2013.5
82785.0,73.0,1.0,3.0,2.17,3.0,1,2014,2013.5
82790.0,72.0,1.0,3.0,1.55,8.0,0,2014,2013.5
82802.0,76.0,1.0,3.0,,6.0,0,2014,2013.5
82812.0,62.0,1.0,4.0,1.3,5.0,0,2014,2013.5
82816.0,66.0,1.0,4.0,5.0,5.0,0,2014,2013.5
82823.0,70.0,2.0,3.0,5.0,8.0,0,2014,2013.5
82826.0,64.0,1.0,6.0,5.0,10.0,0,2014,2013.5
82827.0,61.0,2.0,6.0,4.13,8.0,0,2014,2013.5
82829.0,63.0,1.0,3.0,1.35,4.0,1,2014,2013.5
82842.0,68.0,2.0,3.0,,8.0,0,2014,2013.5
82845.0,64.0,1.0,6.0,5.0,10.0,0,2014,2013.5
82849.0,80.0,1.0,3.0,4.35,7.0,0,2014,2013.5
82854.0,68.0,1.0,1.0,1.13,6.0,0,2014,2013.5
82855.0,80.0,1.0,3.0,2.15,4.0,1,2014,2013.5
82868.0,78.0,1.0,3.0,1.21,7.0,0,2014,2013.5
82876.0,80.0,1.0,6.0,1.14,7.0,0,2014,2013.5
82879.0,76.0,2.0,4.0,1.37,4.0,1,2014,2013.5
82881.0,70.0,1.0,3.0,5.0,9.0,0,2014,2013.5
82882.0,80.0,2.0,6.0,,7.0,0,2014,2013.5
82886.0,80.0,1.0,3.0,,7.0,0,2014,2013.5
82889.0,66.0,1.0,3.0,0.97,7.0,0,2014,2013.5
82899.0,66.0,1.0,1.0,,2.0,1,2014,2013.5
82900.0,80.0,1.0,3.0,3.81,3.0,1,2014,2013.5
82901.0,68.0,1.0,1.0,0.54,2.0,1,2014,2013.5
82904.0,68.0,2.0,3.0,5.0,10.0,0,2014,2013.5
82906.0,72.0,1.0,3.0,1.74,6.0,0,2014,2013.5
82915.0,70.0,1.0,3.0,1.02,5.0,0,2014,2013.5
82931.0,70.0,1.0,2.0,0.2,1.0,1,2014,2013.5
82945.0,80.0,2.0,3.0,1.02,5.0,0,2014,2013.5
82949.0,67.0,1.0,3.0,2.26,7.0,0,2014,2013.5
82951.0,65.0,2.0,4.0,1.93,9.0,0,2014,2013.5
82952.0,66.0,2.0,3.0,5.0,6.0,0,2014,2013.5
82953.0,68.0,1.0,3.0,5.0,6.0,0,2014,2013.5
82956.0,72.0,1.0,7.0,4.19,4.0,1,2014,2013.5
82961.0,61.0,2.0,4.0,1.01,9.0,0,2014,2013.5
82964.0,60.0,1.0,4.0,1.05,10.0,0,2014,2013.5
82967.0,80.0,2.0,3.0,1.2,4.0,1,2014,2013.5
82968.0,79.0,2.0,3.0,1.31,7.0,0,2014,2013.5
82970.0,60.0,1.0,1.0,5.397605346934028e-79,9.0,0,2014,2013.5
82982.0,74.0,2.0,1.0,1.6,7.0,0,2014,2013.5
82987.0,60.0,1.0,3.0,2.54,6.0,0,2014,2013.5
82989.0,80.0,1.0,4.0,0.76,5.397605346934028e-79,1,2014,2013.5
82990.0,66.0,1.0,1.0,1.1,2.0,1,2014,2013.5
82995.0,72.0,1.0,3.0,3.03,7.0,0,2014,2013.5
82998.0,61.0,1.0,4.0,1.36,6.0,0,2014,2013.5
83005.0,72.0,1.0,3.0,5.0,6.0,0,2014,2013.5
83006.0,71.0,2.0,2.0,1.67,9.0,0,2014,2013.5
83007.0,66.0,1.0,1.0,1.02,3.0,1,2014,2013.5
83010.0,80.0,2.0,3.0,1.71,3.0,1,2014,2013.5
83016.0,80.0,2.0,4.0,5.0,8.0,0,2014,2013.5
83020.0,62.0,1.0,4.0,1.22,5.0,0,2014,2013.5
83026.0,76.0,1.0,6.0,5.0,5.0,0,2014,2013.5
83033.0,60.0,2.0,4.0,0.33,9.0,0,2014,2013.5
83037.0,66.0,2.0,4.0,2.58,9.0,0,2014,2013.5
83046.0,79.0,2.0,4.0,0.81,3.0,1,2014,2013.5
83052.0,76.0,1.0,4.0,3.6,8.0,0,2014,2013.5
83070.0,71.0,2.0,6.0,3.05,9.0,0,2014,2013.5
83075.0,77.0,2.0,6.0,5.0,8.0,0,2014,2013.5
83088.0,78.0,2.0,4.0,3.07,9.0,0,2014,2013.5
83098.0,80.0,2.0,3.0,1.11,7.0,0,2014,2013.5
83109.0,80.0,1.0,3.0,1.74,1.0,1,2014,2013.5
83111.0,64.0,2.0,6.0,1.72,5.0,0,2014,2013.5
83114.0,69.0,1.0,3.0,2.83,10.0,0,2014,2013.5
83116.0,65.0,2.0,4.0,1.72,8.0,0,2014,2013.5
83118.0,71.0,2.0,6.0,2.58,7.0,0,2014,2013.5
83124.0,64.0,1.0,3.0,0.97,7.0,0,2014,2013.5
83142.0,79.0,2.0,3.0,1.93,8.0,0,2014,2013.5
83143.0,71.0,1.0,4.0,,3.0,1,2014,2013.5
83146.0,67.0,1.0,2.0,1.72,2.0,1,2014,2013.5
83147.0,73.0,1.0,3.0,0.97,5.0,0,2014,2013.5
83160.0,80.0,2.0,3.0,5.0,4.0,1,2014,2013.5
83170.0,68.0,2.0,1.0,0.62,9.0,0,2014,2013.5
83179.0,64.0,1.0,4.0,3.83,7.0,0,2014,2013.5
83183.0,76.0,1.0,1.0,,3.0,1,2014,2013.5
83186.0,64.0,2.0,3.0,0.88,10.0,0,2014,2013.5
83187.0,65.0,1.0,3.0,1.22,6.0,0,2014,2013.5
83190.0,66.0,1.0,2.0,5.0,5.0,0,2014,2013.5
83196.0,61.0,2.0,4.0,0.73,2.0,1,2014,2013.5
83202.0,73.0,1.0,3.0,5.0,9.0,0,2014,2013.5
83203.0,61.0,2.0,3.0,5.0,8.0,0,2014,2013.5
83207.0,60.0,1.0,1.0,1.78,6.0,0,2014,2013.5
83210.0,63.0,2.0,3.0,,10.0,0,2014,2013.5
83238.0,79.0,2.0,6.0,3.22,7.0,0,2014,2013.5
83239.0,80.0,1.0,2.0,4.06,5.0,0,2014,2013.5
83244.0,80.0,1.0,3.0,3.43,6.0,0,2014,2013.5
83250.0,66.0,1.0,7.0,1.06,8.0,0,2014,2013.5
83255.0,80.0,2.0,3.0,3.86,5.397605346934028e-79,1,2014,2013.5
83261.0,63.0,2.0,1.0,2.55,6.0,0,2014,2013.5
83262.0,80.0,1.0,3.0,5.0,4.0,1,2014,2013.5
83272.0,65.0,2.0,1.0,0.86,7.0,0,2014,2013.5
83282.0,71.0,2.0,3.0,3.87,6.0,0,2014,2013.5
83287.0,63.0,2.0,4.0,0.13,7.0,0,2014,2013.5
83292.0,64.0,2.0,1.0,0.51,9.0,0,2014,2013.5
83294.0,80.0,1.0,2.0,1.53,3.0,1,2014,2013.5
83297.0,75.0,2.0,3.0,2.05,9.0,0,2014,2013.5
83299.0,66.0,1.0,3.0,3.37,7.0,0,2014,2013.5
83300.0,80.0,2.0,3.0,3.0,9.0,0,2014,2013.5
83311.0,63.0,1.0,3.0,0.98,2.0,1,2014,2013.5
83320.0,63.0,1.0,1.0,0.61,5.0,0,2014,2013.5
83321.0,80.0,2.0,4.0,0.7,5.0,0,2014,2013.5
83323.0,68.0,1.0,4.0,,9.0,0,2014,2013.5
83326.0,65.0,2.0,3.0,1.56,4.0,1,2014,2013.5
83341.0,68.0,2.0,4.0,1.57,5.0,0,2014,2013.5
83347.0,80.0,2.0,3.0,5.0,6.0,0,2014,2013.5
83351.0,63.0,1.0,3.0,2.71,7.0,0,2014,2013.5
83359.0,60.0,2.0,1.0,,4.0,1,2014,2013.5
83369.0,63.0,2.0,4.0,3.46,2.0,1,2014,2013.5
83374.0,61.0,1.0,3.0,5.0,5.0,0,2014,2013.5
83375.0,70.0,1.0,2.0,5.0,7.0,0,2014,2013.5
83390.0,71.0,1.0,1.0,1.29,7.0,0,2014,2013.5
83394.0,80.0,1.0,3.0,1.21,3.0,1,2014,2013.5
83395.0,75.0,2.0,2.0,2.38,6.0,0,2014,2013.5
83403.0,80.0,2.0,3.0,2.61,6.0,0,2014,2013.5
83406.0,80.0,2.0,3.0,3.09,5.397605346934028e-79,1,2014,2013.5
83420.0,80.0,2.0,3.0,1.74,4.0,1,2014,2013.5
83423.0,66.0,1.0,2.0,5.0,8.0,0,2014,2013.5
83428.0,63.0,2.0,3.0,1.59,5.0,0,2014,2013.5
83429.0,61.0,2.0,2.0,1.54,4.0,1,2014,2013.5
83431.0,64.0,2.0,3.0,5.0,10.0,0,2014,2013.5
83432.0,62.0,1.0,3.0,,7.0,0,2014,2013.5
83436.0,76.0,1.0,1.0,1.54,7.0,0,2014,2013.5
83441.0,62.0,1.0,1.0,3.07,7.0,0,2014,2013.5
83445.0,80.0,2.0,3.0,0.43,5.0,0,2014,2013.5
83446.0,68.0,1.0,4.0,0.21,1.0,1,2014,2013.5
83450.0,68.0,1.0,2.0,0.58,6.0,0,2014,2013.5
83456.0,65.0,2.0,1.0,0.83,8.0,0,2014,2013.5
83460.0,79.0,1.0,4.0,2.29,2.0,1,2014,2013.5
83464.0,75.0,2.0,4.0,,6.0,0,2014,2013.5
83472.0,63.0,2.0,3.0,5.0,9.0,0,2014,2013.5
83484.0,67.0,2.0,3.0,,10.0,0,2014,2013.5
83505.0,70.0,2.0,6.0,1.61,10.0,0,2014,2013.5
83511.0,68.0,2.0,7.0,1.36,5.397605346934028e-79,1,2014,2013.5
83516.0,66.0,2.0,6.0,0.71,10.0,0,2014,2013.5
83528.0,69.0,1.0,4.0,1.26,8.0,0,2014,2013.5
83530.0,80.0,2.0,3.0,3.0,2.0,1,2014,2013.5
83533.0,63.0,1.0,4.0,4.07,5.0,0,2014,2013.5
83535.0,69.0,1.0,4.0,0.69,10.0,0,2014,2013.5
83539.0,73.0,2.0,6.0,1.25,3.0,1,2014,2013.5
83542.0,71.0,2.0,4.0,1.37,3.0,1,2014,2013.5
83543.0,71.0,1.0,4.0,1.29,6.0,0,2014,2013.5
83544.0,68.0,1.0,1.0,1.29,6.0,0,2014,2013.5
83552.0,60.0,1.0,2.0,1.02,4.0,1,2014,2013.5
83553.0,71.0,1.0,7.0,3.87,7.0,0,2014,2013.5
83557.0,61.0,1.0,4.0,3.58,6.0,0,2014,2013.5
83567.0,68.0,1.0,4.0,2.78,5.0,0,2014,2013.5
83576.0,65.0,2.0,3.0,0.65,10.0,0,2014,2013.5
83578.0,63.0,2.0,3.0,4.79,9.0,0,2014,2013.5
83590.0,77.0,1.0,4.0,3.87,5.0,0,2014,2013.5
83595.0,63.0,1.0,4.0,2.06,3.0,1,2014,2013.5
83600.0,80.0,2.0,3.0,1.04,7.0,0,2014,2013.5
83604.0,60.0,1.0,6.0,5.0,5.0,0,2014,2013.5
83605.0,68.0,1.0,3.0,2.58,6.0,0,2014,2013.5
83612.0,72.0,1.0,3.0,5.0,5.0,0,2014,2013.5
83614.0,62.0,1.0,4.0,2.94,4.0,1,2014,2013.5
83615.0,80.0,1.0,3.0,5.0,5.0,0,2014,2013.5
83616.0,60.0,2.0,1.0,,6.0,0,2014,2013.5
83623.0,80.0,1.0,3.0,1.67,4.0,1,2014,2013.5
83630.0,80.0,2.0,3.0,2.9,2.0,1,2014,2013.5
83638.0,80.0,1.0,3.0,5.0,4.0,1,2014,2013.5
83639.0,80.0,2.0,3.0,3.92,8.0,0,2014,2013.5
83640.0,79.0,2.0,2.0,3.43,5.0,0,2014,2013.5
83650.0,67.0,2.0,2.0,2.19,1.0,1,2014,2013.5
83660.0,69.0,1.0,1.0,5.0,7.0,0,2014,2013.5
83662.0,80.0,1.0,3.0,2.39,5.0,0,2014,2013.5
83663.0,72.0,2.0,3.0,1.13,3.0,1,2014,2013.5
83684.0,80.0,1.0,3.0,5.0,4.0,1,2014,2013.5
83687.0,70.0,2.0,3.0,2.27,7.0,0,2014,2013.5
83692.0,68.0,1.0,4.0,1.08,3.0,1,2014,2013.5
83702.0,80.0,2.0,3.0,3.57,9.0,0,2014,2013.5
83708.0,64.0,1.0,3.0,2.09,8.0,0,2014,2013.5
83712.0,61.0,1.0,3.0,2.04,9.0,0,2014,2013.5
83717.0,80.0,2.0,1.0,0.7,6.0,0,2014,2013.5
83718.0,60.0,2.0,4.0,,5.0,0,2014,2013.5
83723.0,61.0,1.0,1.0,3.53,3.0,1,2014,2013.5
83724.0,80.0,1.0,3.0,3.09,5.0,0,2014,2013.5
